Date,Landuse,Elevation_class,Mean_LAI,Min,Q1,Median,Q3,Max,Lower Whisker,Upper Whisker
2000-08-17,211,less_than_450,1.2300245,0.0,0.8064387,1.0996656,1.4862146,6.61526,-0.21322525,2.5058784
2000-08-17,211,greater_than_450,1.4321289,0.0,0.9961128,1.2903819,1.6874678,7.27977,-0.04091966,2.7245002
2000-08-17,311,less_than_450,3.7967207,0.2476654,2.1910377,4.3763733,5.1590137,8.0,-2.2609267,9.610978
2000-08-17,311,greater_than_450,4.52129,0.6860924,3.8487802,4.7547874,5.351739,7.716812,1.594342,7.6061773
2000-08-18,211,less_than_450,1.2252239,0.0,0.8021412,1.0933541,1.4762605,6.585721,-0.20903778,2.4874396
2000-08-18,211,greater_than_450,1.4281799,0.0,0.99048805,1.2825606,1.685795,7.0727615,-0.052472353,2.7287555
2000-08-18,311,less_than_450,3.7721012,0.24917316,2.1807375,4.3462934,5.126915,7.999998,-2.2385287,9.546181
2000-08-18,311,greater_than_450,4.49129,0.7272439,3.8008242,4.733337,5.313694,7.576309,1.5315194,7.5829988
2000-08-19,211,less_than_450,1.2041951,0.0,0.79516596,1.0819998,1.4494019,6.554965,-0.18618792,2.4307556
2000-08-19,211,greater_than_450,1.3975971,0.0,0.98394835,1.263072,1.6541734,6.8576775,-0.021389127,2.6595109
2000-08-19,311,less_than_450,3.7339876,0.251235,2.160555,4.2828426,5.0946474,8.0,-2.240584,9.495787
2000-08-19,311,greater_than_450,4.4466043,0.76734257,3.7646465,4.687336,5.288762,7.4143143,1.4784732,7.5749354
2000-08-20,211,less_than_450,1.1905825,0.1,0.78192246,1.0690575,1.4348016,6.5234766,-0.19739622,2.4141202
2000-08-20,211,greater_than_450,1.3664216,0.1,0.9644432,1.2348254,1.6133361,6.6447296,-0.008896112,2.5866754
2000-08-20,311,less_than_450,3.7055895,0.25384903,2.1319823,4.2395606,5.063156,7.999998,-2.2647786,9.459917
2000-08-20,311,greater_than_450,4.424045,0.7,3.7393847,4.6597795,5.2729416,7.23608,1.4390492,7.573277
2000-08-21,211,less_than_450,1.1906182,0.1,0.7832443,1.0663147,1.4324032,6.491534,-0.190494,2.4061415
2000-08-21,211,greater_than_450,1.3836484,0.1,0.9732044,1.2469649,1.6320462,6.4458427,-0.015058398,2.6203089
2000-08-21,311,less_than_450,3.677354,0.25701094,2.1303043,4.1885986,5.0292225,7.999999,-2.218073,9.3776
2000-08-21,311,greater_than_450,4.379863,0.7648978,3.6906226,4.6041565,5.210842,7.0488396,1.4102933,7.4911714
2000-08-22,211,less_than_450,1.1853523,0.1,0.77870834,1.0598307,1.4237666,6.459235,-0.18887907,2.391354
2000-08-22,211,greater_than_450,1.3796929,0.1,0.96869653,1.241343,1.627804,6.257017,-0.019964755,2.6164653
2000-08-22,311,less_than_450,3.6483896,0.26072693,2.1103206,4.1451488,4.998432,7.9999957,-2.221847,9.3306
2000-08-22,311,greater_than_450,4.348282,0.7545459,3.6515646,4.5556097,5.1691837,7.05661,1.3751359,7.4456124
2000-08-23,211,less_than_450,1.1605024,0.0,0.7732754,1.0459968,1.3902382,6.4264936,-0.15216881,2.3156824
2000-08-23,211,greater_than_450,1.3475916,0.0,0.96024275,1.2172655,1.5880781,6.071924,0.018489659,2.5298312
2000-08-23,311,less_than_450,3.601354,0.0,2.0818608,4.0776253,4.95736,7.9999986,-2.2313879,9.270609
2000-08-23,311,greater_than_450,4.2988386,0.74448514,3.6159925,4.5093803,5.1323214,7.0900025,1.3414993,7.4068146
2000-08-24,211,less_than_450,1.1537362,0.1,0.768075,1.0395813,1.3816366,6.3930693,-0.15226746,2.301979
2000-08-24,211,greater_than_450,1.3426605,0.1,0.95465326,1.211906,1.5829577,5.8904953,0.012196541,2.5254145
2000-08-24,311,less_than_450,3.5721972,0.26982307,2.0693035,4.014847,4.92056,7.999996,-2.207581,9.197445
2000-08-24,311,greater_than_450,4.261076,0.73471093,3.5515528,4.4658656,5.1030407,7.12138,1.2243209,7.4302726
2000-08-25,211,less_than_450,1.1393393,0.1,0.76146764,1.02811,1.3704374,6.3585596,-0.15198702,2.2838922
2000-08-25,211,greater_than_450,1.3267983,0.1,0.9461727,1.2017651,1.5616131,5.7127895,0.023012161,2.4847736
2000-08-25,311,less_than_450,3.5336149,0.25149918,2.045278,3.9567986,4.878071,8.0,-2.2039113,9.12726
2000-08-25,311,greater_than_450,4.218161,0.7252271,3.4751074,4.4161034,5.066272,7.141876,1.088361,7.453018
2000-08-26,211,less_than_450,1.1327908,0.1,0.7550149,1.0220475,1.3621724,6.3224277,-0.1557213,2.2729087
2000-08-26,211,greater_than_450,1.3222008,0.1,0.9444065,1.1973915,1.5558167,5.624344,0.027291298,2.4729319
2000-08-26,311,less_than_450,3.5002472,0.25393677,2.033883,3.8979797,4.841366,8.0,-2.177341,9.052589
2000-08-26,311,greater_than_450,4.1779914,0.7160311,3.4401155,4.3579445,5.0313616,7.143814,1.0532463,7.418231
2000-08-27,211,less_than_450,1.1259334,0.0,0.7495718,1.0157399,1.354871,6.28397,-0.15837705,2.2628198
2000-08-27,211,greater_than_450,1.3175521,0.1,0.94151485,1.1928673,1.5478516,5.55188,0.03200978,2.4573567
2000-08-27,311,less_than_450,3.466332,0.27342224,2.02036,3.83598,4.800021,8.0,-2.1491318,8.969513
2000-08-27,311,greater_than_450,4.1366205,0.7071252,3.4298131,4.3006344,4.9846115,7.1206055,1.0976155,7.316809
2000-08-28,211,less_than_450,1.1009978,0.0,0.7343813,0.99626,1.3227825,6.2456436,-0.14822048,2.2053843
2000-08-28,211,greater_than_450,1.2853638,0.0,0.9242606,1.1659985,1.5159044,5.4545593,0.0367949,2.4033701
2000-08-28,311,less_than_450,3.4177942,0.0,1.9846344,3.758007,4.754467,8.0,-2.1701145,8.909216
2000-08-28,311,greater_than_450,4.076234,0.6985078,3.3433738,4.2582855,4.945986,7.0668335,0.93945575,7.349904
2000-08-29,211,less_than_450,1.0924957,0.0,0.7321565,0.98731637,1.3127909,6.205139,-0.13879502,2.1837425
2000-08-29,211,greater_than_450,1.2791106,0.0,0.92276245,1.1593783,1.5061011,5.401568,0.047754467,2.3811092
2000-08-29,311,less_than_450,3.3810294,0.0,1.9652584,3.6967201,4.702568,8.0,-2.1407063,8.808533
2000-08-29,311,greater_than_450,4.033594,0.6898215,3.3026066,4.205184,4.9017124,6.978607,0.90394783,7.300371
2000-08-30,211,less_than_450,1.0747011,0.0,0.7196808,0.97732544,1.2988734,6.16494,-0.14910817,2.1676624
2000-08-30,211,greater_than_450,1.2533726,0.0,0.91000557,1.1466279,1.4860659,5.357621,0.045915127,2.3501563
2000-08-30,311,less_than_450,3.3396156,0.0,1.9423034,3.6428566,4.6589622,7.9555817,-2.132685,8.733951
2000-08-30,311,greater_than_450,3.9726334,0.0,3.216115,4.142169,4.8571873,6.852173,0.7545066,7.3187957
2000-08-31,211,less_than_450,1.0615369,0.0,0.71209145,0.96810293,1.2818482,6.1097183,-0.14254367,2.1364832
2000-08-31,211,greater_than_450,1.2409726,0.0,0.90421295,1.1373167,1.4711335,5.3161726,0.053832173,2.3215141
2000-08-31,311,less_than_450,3.3011272,0.0,1.9168663,3.5823035,4.60841,7.879593,-2.120449,8.645725
2000-08-31,311,greater_than_450,3.915737,0.0,3.1504977,4.1022196,4.8151145,6.6853485,0.6535723,7.31204
2000-09-01,211,less_than_450,1.0451035,0.0,0.702754,0.95606196,1.265961,6.040924,-0.14205652,2.1107717
2000-09-01,211,greater_than_450,1.2276765,0.0,0.8983058,1.1269693,1.4528997,5.2677975,0.06641489,2.2847905
2000-09-01,311,less_than_450,3.2570117,0.0,1.8842473,3.5277948,4.5579267,7.776413,-2.1262717,8.568445
2000-09-01,311,greater_than_450,3.8650699,0.0,3.1087203,4.0492687,4.772768,6.3897114,0.6126487,7.26884
2000-09-02,211,less_than_450,1.0418416,0.0,0.70249605,0.9509125,1.2522564,5.9602127,-0.12214446,2.076897
2000-09-02,211,greater_than_450,1.2380222,0.0,0.9092306,1.1272907,1.447989,5.2177124,0.101092994,2.2561266
2000-09-02,311,less_than_450,3.2190125,0.0,1.8658643,3.473435,4.5075264,7.647064,-2.096629,8.470019
2000-09-02,311,greater_than_450,3.8441985,0.0,3.1056414,3.993894,4.719227,6.2143974,0.68526316,7.139605
2000-09-03,211,less_than_450,1.0351382,0.0,0.69698954,0.9443145,1.2420869,5.8693466,-0.12065649,2.059733
2000-09-03,211,greater_than_450,1.231743,0.0,0.9043033,1.1241152,1.4444475,5.1659107,0.094087005,2.254664
2000-09-03,311,less_than_450,3.1816294,0.0,1.8457131,3.4179935,4.45765,7.6329803,-2.0721924,8.375556
2000-09-03,311,greater_than_450,3.8134534,0.6555152,3.1011038,3.946434,4.6627426,7.6329803,0.75864553,7.005201
2000-09-04,211,less_than_450,1.022988,0.0,0.6896656,0.9353771,1.2253609,5.770157,-0.11387724,2.0289037
2000-09-04,211,greater_than_450,1.2209005,0.0,0.9017432,1.1111984,1.4248263,5.112383,0.11711854,2.209451
2000-09-04,311,less_than_450,3.1372056,0.0,1.8275188,3.349161,4.4016476,7.3221436,-2.0336742,8.26284
2000-09-04,311,greater_than_450,3.7639005,0.65081406,3.03368,3.8742342,4.59268,7.1975555,0.69517994,6.93118
2000-09-05,211,less_than_450,1.0017511,0.0,0.6784034,0.9146681,1.1974379,5.6646767,-0.10014838,1.9759896
2000-09-05,211,greater_than_450,1.1978515,0.0,0.87772274,1.0920591,1.3987142,5.7,0.09623557,2.1802013
2000-09-05,311,less_than_450,3.0906785,0.0,1.7953248,3.270668,4.3362103,7.136902,-2.0160034,8.147538
2000-09-05,311,greater_than_450,3.7164867,0.0,2.9897842,3.8219042,4.561783,6.7784576,0.63178635,6.9197807
2000-09-06,211,less_than_450,0.99477285,0.0,0.6764076,0.90708715,1.1865159,5.5549965,-0.08875495,1.9516785
2000-09-06,211,greater_than_450,1.1986992,0.0,0.8872206,1.0929755,1.39167,5.0661354,0.13054657,2.148344
2000-09-06,311,less_than_450,3.0429022,0.3065071,1.7724667,3.1815581,4.272997,6.9461327,-1.9783287,8.023792
2000-09-06,311,greater_than_450,3.658796,0.6425632,2.9308667,3.730667,4.4980583,6.3746185,0.5800793,6.8488455
2000-09-07,211,less_than_450,0.9831149,0.0,0.6714518,0.89716876,1.1716052,5.443239,-0.07877833,1.9218354
2000-09-07,211,greater_than_450,1.190495,0.0,0.88488007,1.0875087,1.3774033,5.080118,0.14609528,2.116188
2000-09-07,311,less_than_450,2.9948459,0.30671072,1.7507322,3.0972414,4.20784,6.758997,-1.9349296,7.8935018
2000-09-07,311,greater_than_450,3.604137,0.63875175,2.8686469,3.67949,4.426854,5.9877014,0.53133607,6.764165
2000-09-08,211,less_than_450,0.96838015,0.0,0.6641846,0.88312656,1.155921,5.3316307,-0.07342005,1.8935256
2000-09-08,211,greater_than_450,1.179126,0.0,0.876894,1.0824146,1.3616031,5.0915737,0.14983028,2.088667
2000-09-08,311,less_than_450,2.9420085,0.0,1.7204342,3.0208967,4.13661,6.586323,-1.9038296,7.760874
2000-09-08,311,greater_than_450,3.546218,0.63497365,2.8166294,3.624177,4.364629,5.83477,0.49463034,6.686628
2000-09-09,211,less_than_450,0.95405805,0.0,0.65784013,0.8711818,1.1391015,5.2224503,-0.064051926,1.8609936
2000-09-09,211,greater_than_450,1.1675113,0.0,0.87182903,1.0742874,1.347539,5.1005135,0.15826416,2.0611038
2000-09-09,311,less_than_450,2.8893995,0.0,1.6918268,2.940506,4.0673285,6.417267,-1.8714256,7.630581
2000-09-09,311,greater_than_450,3.4923635,0.6310948,2.7656505,3.5675259,4.304245,5.7807503,0.45775867,6.612137
2000-09-10,211,less_than_450,0.9354358,0.0,0.6465626,0.8553784,1.1179738,5.117977,-0.060554266,1.8250906
2000-09-10,211,greater_than_450,1.1533345,0.0,0.86364365,1.0651674,1.3371538,5.106941,0.15337843,2.047419
2000-09-10,311,less_than_450,2.834283,0.0,1.6545072,2.8549347,3.9963665,6.2798767,-1.8582819,7.5091553
2000-09-10,311,greater_than_450,3.4304883,0.62671673,2.6818984,3.4998474,4.2312946,5.734268,0.35780406,6.555389
2000-09-11,211,less_than_450,0.92812127,0.0,0.64331937,0.8463707,1.1073834,5.020487,-0.052776635,1.8034794
2000-09-11,211,greater_than_450,1.1514207,0.0,0.8629208,1.0604451,1.3291565,5.110853,0.16356725,2.02851
2000-09-11,311,less_than_450,2.7862267,0.0,1.6331848,2.7764025,3.9221992,6.2351456,-1.8003367,7.3557205
2000-09-11,311,greater_than_450,3.3723946,0.6209512,2.6327019,3.4310036,4.156909,5.6812057,0.3463912,6.4432197
2000-09-12,211,less_than_450,0.91712815,0.0,0.6364193,0.8347867,1.0934443,4.932264,-0.04911828,1.7789819
2000-09-12,211,greater_than_450,1.1460743,0.0,0.85942465,1.0564063,1.3247623,5.112259,0.16141814,2.022769
2000-09-12,311,less_than_450,2.736863,0.0,1.6052089,2.7142944,3.836563,6.18293,-1.7418225,7.1835947
2000-09-12,311,greater_than_450,3.3133497,0.6158376,2.5573134,3.3759995,4.1010685,5.614708,0.24168086,6.4167013
2000-09-13,211,less_than_450,0.90319157,0.0,0.62704945,0.82193995,1.0777059,4.84391,-0.048935175,1.7536905
2000-09-13,211,greater_than_450,1.1327281,0.0,0.8514776,1.0458498,1.3077291,5.111149,0.16710037,1.9921064
2000-09-13,311,less_than_450,2.6848214,0.0,1.5762329,2.643097,3.7622375,6.1232986,-1.702774,7.0412445
2000-09-13,311,greater_than_450,3.254734,0.6118164,2.507515,3.2942543,4.0188236,5.538166,0.24055195,6.2857866
2000-09-14,211,less_than_450,0.89263725,0.0,0.62077904,0.81325245,1.0647771,4.7502823,-0.04521811,1.7307743
2000-09-14,211,greater_than_450,1.1305815,0.0,0.8534105,1.0446489,1.3062,5.1075325,0.17422616,1.9853843
2000-09-14,311,less_than_450,2.6311796,0.0,1.5520325,2.5721998,3.6795635,6.0796814,-1.6392641,6.87086
2000-09-14,311,greater_than_450,3.190887,0.60948944,2.4344692,3.223481,3.949583,5.490986,0.16179848,6.222254
2000-09-15,211,less_than_450,0.8810243,0.0,0.61227703,0.8018408,1.0517808,4.6735535,-0.046978652,1.7110364
2000-09-15,211,greater_than_450,1.1229392,0.0,0.84971917,1.0386429,1.2966824,5.1014023,0.17927438,1.9671271
2000-09-15,311,less_than_450,2.5785732,0.0,1.5244026,2.4986038,3.6059446,6.016098,-1.5979104,6.7282577
2000-09-15,311,greater_than_450,3.1312997,0.60810757,2.3866844,3.1269875,3.867921,5.435955,0.16482925,6.089776
2000-09-16,211,less_than_450,0.8705882,0.0,0.6039743,0.7940531,1.0413017,4.6476936,-0.052016914,1.6972929
2000-09-16,211,greater_than_450,1.1169759,0.0,0.8472502,1.0341992,1.28792,5.0927315,0.18624556,1.9489247
2000-09-16,311,less_than_450,2.5283864,0.0,1.5081189,2.430809,3.520915,5.9196014,-1.5110753,6.540109
2000-09-16,311,greater_than_450,3.0697837,0.6075158,2.3300114,3.0385876,3.8041878,5.371868,0.11874676,6.0154524
2000-09-17,211,less_than_450,0.8562699,0.0,0.59550476,0.7819629,1.0251853,4.6293945,-0.049016118,1.6697062
2000-09-17,211,greater_than_450,1.1033775,0.0,0.8411045,1.0251188,1.2715342,5.081579,0.19545996,1.9171788
2000-09-17,311,less_than_450,2.4719877,0.0,1.4772892,2.3685608,3.4283628,5.7965546,-1.4493213,6.3549733
2000-09-17,311,greater_than_450,3.0065176,0.60751724,2.2949743,2.9667082,3.7081046,5.3026466,0.1752789,5.8278
2000-09-18,211,less_than_450,0.8405076,0.0,0.58324623,0.76936966,1.0103617,4.607151,-0.05742693,1.6510348
2000-09-18,211,greater_than_450,1.0916438,0.0,0.8298518,1.0174665,1.2609519,5.06789,0.18320173,1.907602
2000-09-18,311,less_than_450,2.414691,0.0,1.4466395,2.315981,3.3411922,5.6523743,-1.3951895,6.1830215
2000-09-18,311,greater_than_450,2.9424534,0.0,2.2420332,2.8859887,3.6474152,5.2396393,0.13396049,5.755488
2000-09-19,211,less_than_450,0.81794745,0.0,0.5665989,0.7546677,0.99520445,4.5810776,-0.07630944,1.6381128
2000-09-19,211,greater_than_450,1.0695297,0.0,0.8207817,1.0093555,1.2503996,5.051716,0.17635489,1.8948264
2000-09-19,311,less_than_450,2.3546958,0.0,1.4135232,2.2482834,3.2561493,5.50914,-1.350416,6.020088
2000-09-19,311,greater_than_450,2.8797479,0.0,2.1859894,2.8091226,3.5681152,5.165249,0.1128006,5.641304
2000-09-20,211,less_than_450,0.80777097,0.0,0.559803,0.7439284,0.9852082,4.5510254,-0.07830477,1.623316
2000-09-20,211,greater_than_450,1.060386,0.0,0.8151138,1.0045943,1.2430182,5.0329895,0.17325723,1.8848747
2000-09-20,311,less_than_450,2.3008304,0.0,1.3897369,2.183755,3.1663933,5.4194984,-1.2752478,5.831378
2000-09-20,311,greater_than_450,2.8182137,0.0,2.146164,2.739955,3.4629822,5.0983276,0.17093658,5.4382095
2000-09-21,211,less_than_450,0.79244953,0.0,0.54666734,0.7306061,0.9710021,4.517151,-0.08983481,1.6075042
2000-09-21,211,greater_than_450,1.047903,0.0,0.8015542,0.9978285,1.2334533,5.01178,0.1537056,1.8813019
2000-09-21,311,less_than_450,2.2386994,0.0,1.3485415,2.1177979,3.0856671,5.344795,-1.2571471,5.6913557
2000-09-21,311,greater_than_450,2.7563896,0.0,2.0902514,2.649294,3.3945827,5.059189,0.13375449,5.35108
2000-09-22,211,less_than_450,0.78003645,0.0,0.5403862,0.7235775,0.9583777,4.4793625,-0.08660108,1.585365
2000-09-22,211,greater_than_450,1.0371864,0.0,0.8001509,0.9942703,1.2251573,4.988037,0.16264129,1.8626668
2000-09-22,311,less_than_450,2.1853478,0.0,1.3267832,2.0623283,2.9999084,5.2709846,-1.1829047,5.5095963
2000-09-22,311,greater_than_450,2.6906884,0.0,2.0260582,2.5774097,3.319069,5.0185585,0.08654213,5.258585
2000-09-23,211,less_than_450,0.78227454,0.0,0.5434599,0.7221947,0.9546814,4.4376717,-0.073372364,1.5715137
2000-09-23,211,greater_than_450,1.0381683,0.0,0.80075073,0.99348915,1.2217593,4.961769,0.16923785,1.8532722
2000-09-23,311,less_than_450,2.145146,0.0,1.3139133,2.0118294,2.9176712,5.1968384,-1.0917234,5.323308
2000-09-23,311,greater_than_450,2.6365626,0.0,1.9968739,2.5068512,3.2379913,4.976288,0.13519764,5.0996675
2000-09-24,211,less_than_450,0.77452046,0.0,0.5384784,0.7163682,0.9456129,4.3921127,-0.072223425,1.5563147
2000-09-24,211,greater_than_450,1.0329067,0.0,0.79902256,0.9900695,1.2158856,4.93301,0.17372793,1.8411803
2000-09-24,311,less_than_450,2.0947406,0.0,1.291091,1.9558601,2.840333,5.107193,-1.0327721,5.164196
2000-09-24,311,greater_than_450,2.5782378,0.0,1.9447937,2.4334784,3.1662505,4.9321556,0.11260855,4.9984355
2000-09-25,211,less_than_450,0.76852447,0.0,0.5356765,0.7119827,0.9403944,4.342655,-0.071400404,1.5474713
2000-09-25,211,greater_than_450,1.0295646,0.0,0.796556,0.9878335,1.2120247,4.9017334,0.17335296,1.8352277
2000-09-25,311,less_than_450,2.0461974,0.0,1.2690253,1.9052982,2.7557378,5.00486,-0.96104336,4.9858065
2000-09-25,311,greater_than_450,2.519844,0.0,1.893383,2.3659964,3.0830078,4.8858795,0.10894585,4.867445
2000-09-26,211,less_than_450,0.75999504,0.0,0.5308552,0.7051525,0.9318321,4.2939835,-0.070610166,1.5332974
2000-09-26,211,greater_than_450,1.0251385,0.0,0.7943189,0.9835248,1.203709,4.876972,0.18023378,1.8177941
2000-09-26,311,less_than_450,1.9941238,0.0,1.2458258,1.8508644,2.678238,4.8928146,-0.90279245,4.826856
2000-09-26,311,greater_than_450,2.4596934,0.0,1.8485765,2.295372,2.979094,4.8458138,0.15280032,4.6748705
2001-08-18,211,less_than_450,1.2305502,0.1,0.78671646,1.0749435,1.4857712,6.660431,-0.26186562,2.5343533
2001-08-18,211,greater_than_450,1.4692819,0.1,1.0146294,1.3291664,1.7504654,6.6639595,-0.08912468,2.8542194
2001-08-18,311,less_than_450,3.681565,0.5012512,2.1057281,4.4087906,4.9444227,6.687317,-2.1523137,9.202465
2001-08-18,311,greater_than_450,4.453618,0.87472534,4.100418,4.6980286,5.1098404,6.537964,2.5862846,6.623974
2001-08-19,211,less_than_450,1.2203804,0.0,0.7805481,1.0674973,1.4739456,6.6920776,-0.2595482,2.514042
2001-08-19,211,greater_than_450,1.4540076,0.1,1.0040836,1.3140564,1.7316933,6.649004,-0.08733082,2.8231077
2001-08-19,311,less_than_450,3.6532972,0.4922943,2.0883942,4.372925,4.9086857,6.703125,-2.142043,9.139123
2001-08-19,311,greater_than_450,4.419883,0.84802246,4.070198,4.665006,5.071892,6.5751953,2.5676575,6.5744324
2001-08-20,211,less_than_450,1.2142965,0.1,0.7744293,1.0602951,1.4661198,6.7203064,-0.26310635,2.5036554
2001-08-20,211,greater_than_450,1.4412102,0.1,0.993377,1.3018188,1.7171731,6.7407227,-0.09231722,2.8028674
2001-08-20,311,less_than_450,3.6291218,0.4847412,2.0716858,4.326233,4.876602,6.7203064,-2.1356888,9.083977
2001-08-20,311,greater_than_450,4.3862123,0.83532715,4.031807,4.6242447,5.035431,6.574463,2.526371,6.540867
2001-08-21,211,less_than_450,1.2042645,0.1,0.7690091,1.0521564,1.4522476,6.744812,-0.25584865,2.4771054
2001-08-21,211,greater_than_450,1.427467,0.1,0.9829483,1.2888584,1.7007446,6.620178,-0.093746185,2.777439
2001-08-21,311,less_than_450,3.5990884,0.47895813,2.0569916,4.2870197,4.8378334,6.744812,-2.1142712,9.009096
2001-08-21,311,greater_than_450,4.3509445,0.83721924,3.9727173,4.5920105,5.0050964,6.5375977,2.4241486,6.553665
2001-08-22,211,less_than_450,1.1961483,0.1,0.76210785,1.0436783,1.4436646,6.7663574,-0.2602272,2.4659996
2001-08-22,211,greater_than_450,1.4145945,0.1,0.97492266,1.2763155,1.687458,6.606781,-0.093880415,2.756261
2001-08-22,311,less_than_450,3.5690885,0.4746399,2.0343132,4.2437115,4.8061523,6.7663574,-2.1234455,8.963911
2001-08-22,311,greater_than_450,4.314049,0.84295654,3.9060478,4.564865,4.9731674,6.4746094,2.3053684,6.573847
2001-08-23,211,less_than_450,1.1827065,0.1,0.7559509,1.033567,1.4204845,6.7845154,-0.2408495,2.417285
2001-08-23,211,greater_than_450,1.399146,0.1,0.964962,1.2625237,1.6680222,6.5940857,-0.08962822,2.7226124
2001-08-23,311,less_than_450,3.5364347,0.47216034,2.0071735,4.2044983,4.7630463,6.7845154,-2.1266356,8.896855
2001-08-23,311,greater_than_450,4.277211,0.8566284,3.8600006,4.5291443,4.934639,6.3884277,2.248043,6.5465965
2001-08-24,211,less_than_450,1.175926,0.1,0.7511482,1.0287781,1.4144707,6.7988586,-0.24383545,2.4094543
2001-08-24,211,greater_than_450,1.3878993,0.1,0.9575324,1.25214,1.6546488,6.795166,-0.08814216,2.7003233
2001-08-24,311,less_than_450,3.5068653,0.47168732,1.9921112,4.163437,4.723526,6.7988586,-2.105011,8.820648
2001-08-24,311,greater_than_450,4.239752,0.87701416,3.809204,4.486374,4.898741,6.293915,2.174899,6.533046
2001-08-25,211,less_than_450,1.1625152,0.0,0.7460861,1.0195503,1.3957367,6.810211,-0.22838974,2.3702126
2001-08-25,211,greater_than_450,1.3732973,0.0,0.94904137,1.2378845,1.637537,7.2749023,-0.08370209,2.6702805
2001-08-25,311,less_than_450,3.4725752,0.47109985,1.9689865,4.1175537,4.6805496,6.810211,-2.0983582,8.747894
2001-08-25,311,greater_than_450,4.2004995,0.9017334,3.774582,4.44133,4.8606796,6.2663574,2.1454353,6.489826
2001-08-26,211,less_than_450,1.1522282,0.0,0.74002075,1.01266,1.3820324,6.822571,-0.22299671,2.3450499
2001-08-26,211,greater_than_450,1.3602644,0.0,0.9411011,1.2255592,1.6223907,7.7666016,-0.080833435,2.6443253
2001-08-26,311,less_than_450,3.4388025,0.46998596,1.9429026,4.0670776,4.636793,6.822571,-2.0979333,8.677629
2001-08-26,311,greater_than_450,4.1615515,0.90646076,3.7161083,4.400902,4.824768,6.236511,2.0531187,6.4877577
2001-08-27,211,less_than_450,1.1427845,0.0,0.7347107,1.002121,1.3688965,6.8227844,-0.216568,2.3201752
2001-08-27,211,greater_than_450,1.3478395,0.0,0.9326248,1.21418,1.6085663,8.0,-0.081287384,2.6224785
2001-08-27,311,less_than_450,3.4063332,0.46909714,1.9264526,4.0067654,4.5939827,6.8227844,-2.0748425,8.595278
2001-08-27,311,greater_than_450,4.1231585,0.8924689,3.664116,4.3668785,4.785675,6.203705,1.9817772,6.468014
2001-08-28,211,less_than_450,1.1334257,0.0,0.73010254,0.9940872,1.3595009,6.8206177,-0.21399498,2.3035984
2001-08-28,211,greater_than_450,1.3350607,0.0,0.9237797,1.201004,1.5932565,8.0,-0.080435395,2.5974717
2001-08-28,311,less_than_450,3.37354,0.46831894,1.9004478,3.961853,4.5478745,6.8206177,-2.070692,8.519014
2001-08-28,311,greater_than_450,4.0821276,0.8785167,3.6004257,4.3199463,4.7540665,6.1687317,1.8699646,6.4845276
2001-08-29,211,less_than_450,1.1245257,0.0,0.7261238,0.9872093,1.3505135,6.8160706,-0.21046066,2.287098
2001-08-29,211,greater_than_450,1.3230656,0.0,0.91638184,1.1901093,1.5782928,6.425934,-0.07648468,2.5711594
2001-08-29,311,less_than_450,3.3385212,0.46162605,1.8855896,3.9051666,4.500595,6.8160706,-2.0369186,8.423103
2001-08-29,311,greater_than_450,4.03891,0.8646078,3.555008,4.2717896,4.7138824,6.1314087,1.8166962,6.452194
2001-08-30,211,less_than_450,1.1155165,0.0,0.72442627,0.9821267,1.3381958,6.8087463,-0.19622803,2.25885
2001-08-30,211,greater_than_450,1.3111277,0.0,0.90906525,1.179718,1.560566,6.3965454,-0.068185806,2.537817
2001-08-30,311,less_than_450,3.3025553,0.45183754,1.8726807,3.841751,4.456436,6.8087463,-2.0029526,8.332069
2001-08-30,311,greater_than_450,3.9934437,0.8456421,3.5024414,4.2225456,4.655411,6.0919647,1.7729874,6.384865
2001-08-31,211,less_than_450,1.1067271,0.0,0.7203522,0.9765167,1.3255911,6.798584,-0.1875062,2.2334495
2001-08-31,211,greater_than_450,1.2997047,0.0,0.9023857,1.1690388,1.545929,6.378784,-0.06292915,2.5112438
2001-08-31,311,less_than_450,3.2657907,0.44228935,1.8460541,3.7815552,4.4104614,6.798584,-2.000557,8.257072
2001-08-31,311,greater_than_450,3.9471529,0.8332062,3.442166,4.1694603,4.6082764,6.0614014,1.6930007,6.357442
2001-09-01,211,less_than_450,1.0976603,0.0,0.7176666,0.9706192,1.3137436,6.786377,-0.17644882,2.207859
2001-09-01,211,greater_than_450,1.2881249,0.0,0.89442444,1.158371,1.5304928,6.331543,-0.059678078,2.4845953
2001-09-01,311,less_than_450,3.2279472,0.4329033,1.8249512,3.7264862,4.3609467,6.786377,-1.979042,8.16494
2001-09-01,311,greater_than_450,3.898748,0.8219452,3.3926392,4.117935,4.5572968,6.027313,1.6456528,6.304283
2001-09-02,211,less_than_450,1.0900004,0.0,0.71387863,0.9656296,1.302146,6.7714844,-0.16852236,2.184547
2001-09-02,211,greater_than_450,1.2772249,0.0,0.88833237,1.1477726,1.5160446,6.2578125,-0.053236008,2.457613
2001-09-02,311,less_than_450,3.1909246,0.42373466,1.8083799,3.6599655,4.3067474,6.7714844,-1.9391716,8.054298
2001-09-02,311,greater_than_450,3.8487587,0.81207275,3.3116455,4.0600586,4.5071306,5.9901276,1.5184178,6.3003583
2001-09-03,211,less_than_450,1.0778621,0.0,0.7086849,0.95655346,1.2906209,6.7543335,-0.16421908,2.1635249
2001-09-03,211,greater_than_450,1.2622006,0.0,0.87825394,1.1364479,1.4995608,6.164673,-0.053706408,2.4315212
2001-09-03,311,less_than_450,3.1501086,0.0,1.7876129,3.5947952,4.250145,6.7543335,-1.9061852,7.943943
2001-09-03,311,greater_than_450,3.7962053,0.80345154,3.2375774,4.005745,4.4397407,5.950699,1.4343326,6.2429857
2001-09-04,211,less_than_450,1.0623868,0.0,0.6998291,0.9472275,1.2777939,6.734314,-0.16711807,2.144741
2001-09-04,211,greater_than_450,1.2478813,0.0,0.86883545,1.125946,1.4849763,6.055542,-0.055375814,2.4091876
2001-09-04,311,less_than_450,3.1059444,0.0,1.7636414,3.5276184,4.195816,6.734314,-1.8846207,7.844078
2001-09-04,311,greater_than_450,3.74117,0.0,3.182251,3.9555206,4.369072,5.9093475,1.4020195,6.1493034
2001-09-05,211,less_than_450,1.0520159,0.0,0.69692993,0.94114685,1.2647018,6.7118225,-0.15472794,2.1163597
2001-09-05,211,greater_than_450,1.2365838,0.0,0.86265564,1.1170883,1.4701525,5.937317,-0.048589647,2.3813977
2001-09-05,311,less_than_450,3.0635743,0.0,1.7401123,3.451233,4.136902,6.7118225,-1.855072,7.732086
2001-09-05,311,greater_than_450,3.688089,0.0,3.1141157,3.900177,4.312952,5.866852,1.3158612,6.1112065
2001-09-06,211,less_than_450,1.0351889,0.0,0.6881094,0.9307251,1.2509813,6.6871033,-0.1561985,2.0952892
2001-09-06,211,greater_than_450,1.2208772,0.0,0.851532,1.1062927,1.4535956,5.8144836,-0.0515635,2.3566911
2001-09-06,311,less_than_450,3.0179377,0.0,1.7188339,3.3854065,4.077011,6.6871033,-1.8184319,7.614277
2001-09-06,311,greater_than_450,3.6337054,0.0,3.0673828,3.840454,4.2684555,5.823677,1.2657738,6.0700645
2001-09-07,211,less_than_450,1.0201412,0.0,0.68207073,0.92033386,1.2362938,6.704956,-0.14926386,2.0676284
2001-09-07,211,greater_than_450,1.2089938,0.0,0.8446655,1.0962992,1.4426155,5.6914062,-0.052259445,2.3395405
2001-09-07,311,less_than_450,2.9694843,0.0,1.6971436,3.3260345,4.0176277,6.704956,-1.7835827,7.498354
2001-09-07,311,greater_than_450,3.5793118,0.0,3.0051556,3.765503,4.2246323,5.821246,1.1759405,6.0538473
2001-09-08,211,less_than_450,1.0037861,0.0,0.67391396,0.9095583,1.2203369,6.687744,-0.14572048,2.0399714
2001-09-08,211,greater_than_450,1.1955463,0.0,0.8361511,1.0863338,1.4261475,5.5736084,-0.048843384,2.311142
2001-09-08,311,less_than_450,2.9179394,0.0,1.666565,3.2749329,3.963501,6.687744,-1.7788391,7.408905
2001-09-08,311,greater_than_450,3.5260885,0.0,2.9397087,3.7012882,4.1600037,5.8269424,1.1092663,5.990446
2001-09-09,211,less_than_450,0.99580497,0.0,0.6713619,0.90408325,1.2097473,6.628662,-0.13621616,2.0173254
2001-09-09,211,greater_than_450,1.1848446,0.0,0.83084345,1.0788083,1.4107666,5.522476,-0.03904128,2.2806513
2001-09-09,311,less_than_450,2.8780763,0.0,1.6522713,3.2086182,3.9039917,6.628662,-1.7253094,7.2815723
2001-09-09,311,greater_than_450,3.4717686,0.0,2.8914642,3.6463947,4.1085186,5.8325653,1.0658827,5.9341
2001-09-10,211,less_than_450,0.9878902,0.0,0.6688087,0.89842355,1.198761,6.529785,-0.12611973,1.9936894
2001-09-10,211,greater_than_450,1.1742828,0.0,0.825531,1.0726776,1.3959808,5.4848175,-0.030143738,2.2516556
2001-09-10,311,less_than_450,2.8371732,0.0,1.6273918,3.13023,3.8346252,6.529785,-1.6834583,7.1454754
2001-09-10,311,greater_than_450,3.4159324,0.0,2.8192139,3.575592,4.0481567,5.8502655,0.97579956,5.891571
2001-09-11,211,less_than_450,0.9783258,0.0,0.66632843,0.8912735,1.1865921,6.408203,-0.11406708,1.9669876
2001-09-11,211,greater_than_450,1.1636227,0.0,0.81981754,1.0640025,1.3801727,5.44606,-0.020715237,2.2207055
2001-09-11,311,less_than_450,2.794692,0.0,1.6170502,3.060173,3.7701416,6.408203,-1.612587,6.9997787
2001-09-11,311,greater_than_450,3.3582566,0.0,2.7422638,3.4942627,3.9852219,5.8618164,0.8778267,5.849659
2001-09-12,211,less_than_450,0.97033703,0.0,0.66470337,0.88609815,1.1759062,6.267334,-0.10210085,1.9427104
2001-09-12,211,greater_than_450,1.1532859,0.0,0.8149743,1.0546722,1.3674774,5.4062347,-0.013780355,2.196232
2001-09-12,311,less_than_450,2.7529478,0.0,1.598999,2.9868164,3.7156525,6.267334,-1.5759811,6.8906326
2001-09-12,311,greater_than_450,3.3025236,0.0,2.6835785,3.3930206,3.9244537,5.8764954,0.8222656,5.7857666
2001-09-13,211,less_than_450,0.9621063,0.0,0.66256714,0.87997437,1.1653404,6.1134033,-0.09159279,1.9195004
2001-09-13,211,greater_than_450,1.1418233,0.0,0.80859566,1.0444527,1.3548316,5.3651276,-0.010758221,2.1741855
2001-09-13,311,less_than_450,2.7090695,0.0,1.5858994,2.9108887,3.6510315,6.1134033,-1.5117989,6.7487297
2001-09-13,311,greater_than_450,3.2437258,0.0,2.6213608,3.3135033,3.8603516,5.892578,0.7628746,5.7188377
2001-09-14,211,less_than_450,0.9538786,0.0,0.660257,0.87366486,1.1537876,5.956604,-0.080038965,1.8940835
2001-09-14,211,greater_than_450,1.1311253,0.0,0.80332184,1.0356522,1.3420925,5.3233337,-0.004834175,2.1502485
2001-09-14,311,less_than_450,2.6637385,0.0,1.573122,2.8346634,3.5761566,5.956604,-1.4314299,6.5807085
2001-09-14,311,greater_than_450,3.183393,0.0,2.5748138,3.2303028,3.803875,5.90979,0.73122215,5.6474667
2001-09-15,211,less_than_450,0.94487166,0.0,0.65630746,0.86730194,1.1426926,5.8794823,-0.0732702,1.8722702
2001-09-15,211,greater_than_450,1.1201605,0.0,0.79849625,1.0274601,1.3286896,5.280304,0.003206253,2.1239796
2001-09-15,311,less_than_450,2.6172035,0.0,1.5517197,2.7493286,3.5072632,5.802002,-1.3815956,6.4405785
2001-09-15,311,greater_than_450,3.1215894,0.0,2.4793777,3.1569595,3.7357483,5.9394226,0.59482193,5.620304
2001-09-16,211,less_than_450,0.93607384,0.0,0.65218735,0.8607485,1.132019,5.9782257,-0.067560196,1.8517666
2001-09-16,211,greater_than_450,1.1098908,0.0,0.79369354,1.019165,1.3156972,5.2361603,0.0106880665,2.0987027
2001-09-16,311,less_than_450,2.5710373,0.0,1.5286255,2.6824036,3.4293213,5.679077,-1.3224182,6.280365
2001-09-16,311,greater_than_450,3.0612009,0.0,2.4034576,3.0976677,3.6808777,5.971649,0.48732758,5.5970078
2001-09-17,211,less_than_450,0.9268649,0.0,0.6472559,0.8534851,1.1206512,6.0794067,-0.062837124,1.8307443
2001-09-17,211,greater_than_450,1.09952,0.0,0.7882767,1.0126953,1.3048172,5.1909943,0.013465881,2.079628
2001-09-17,311,less_than_450,2.5231419,0.0,1.510189,2.6202164,3.3473167,5.6608887,-1.2455025,6.1030083
2001-09-17,311,greater_than_450,2.9995975,0.0,2.3181157,3.0194397,3.61911,6.006531,0.36662412,5.5706015
2001-09-18,211,less_than_450,0.9179491,0.0,0.6427765,0.84750366,1.1106215,6.1831055,-0.058990955,1.8123889
2001-09-18,211,greater_than_450,1.0895354,0.0,0.78326416,1.0056229,1.2911501,5.1189575,0.02143526,2.052979
2001-09-18,311,less_than_450,2.4741888,0.0,1.4932861,2.5521698,3.266571,5.633911,-1.1666412,5.9264984
2001-09-18,311,greater_than_450,2.9372716,0.0,2.239563,2.9418945,3.5355892,6.044586,0.29552364,5.4796286
2001-09-19,211,less_than_450,0.908634,0.0,0.6381674,0.8425875,1.0967951,6.2889404,-0.04977417,1.7847366
2001-09-19,211,greater_than_450,1.0793797,0.0,0.7794628,0.9974365,1.2764938,5.0601807,0.033916354,2.0220404
2001-09-19,311,less_than_450,2.4248645,0.0,1.470581,2.473816,3.1892471,5.597595,-1.1074181,5.7672462
2001-09-19,311,greater_than_450,2.872932,0.0,2.1783905,2.859192,3.4666138,6.1348877,0.2460556,5.3989487
2001-09-20,211,less_than_450,0.8997026,0.0,0.6338613,0.8349304,1.0861206,6.397156,-0.04452765,1.7645096
2001-09-20,211,greater_than_450,1.0696068,0.0,0.7743225,0.98962915,1.2637291,4.9980774,0.04021263,1.997839
2001-09-20,311,less_than_450,2.3771012,0.0,1.447052,2.4092102,3.1090546,5.547058,-1.0459518,5.6020584
2001-09-20,311,greater_than_450,2.810295,0.0,2.1157684,2.7788696,3.3764648,6.186157,0.22472382,5.2675095
2001-09-21,211,less_than_450,0.89257675,0.0,0.6318741,0.8294678,1.0762329,6.508087,-0.034664154,1.7427711
2001-09-21,211,greater_than_450,1.0589304,0.0,0.7687988,0.98220444,1.2500896,4.9507446,0.046862602,1.9720259
2001-09-21,311,less_than_450,2.3307269,0.0,1.4317017,2.343464,3.0216064,5.4804,-0.9531555,5.4064636
2001-09-21,311,greater_than_450,2.7476199,0.0,2.0569458,2.6968994,3.2900105,6.2316895,0.20734882,5.1396074
2001-09-22,211,less_than_450,0.8875234,0.0,0.6311188,0.82536316,1.0686111,6.621338,-0.025119781,1.7248497
2001-09-22,211,greater_than_450,1.050201,0.0,0.76387787,0.9762316,1.2374573,4.9130707,0.05350876,1.9478264
2001-09-22,311,less_than_450,2.287079,0.0,1.4153137,2.270195,2.9500122,5.440819,-0.886734,5.25206
2001-09-22,311,greater_than_450,2.6844373,0.0,2.010437,2.5971756,3.2179594,6.2686157,0.19915342,5.029243
2001-09-23,211,less_than_450,0.87790656,0.0,0.6251888,0.8171387,1.0591183,6.736969,-0.025705338,1.7100124
2001-09-23,211,greater_than_450,1.0393049,0.0,0.7594662,0.96995544,1.2257195,4.8818207,0.06008625,1.9250994
2001-09-23,311,less_than_450,2.2376947,0.0,1.3959694,2.2082958,2.8663254,5.397354,-0.8095646,5.0718594
2001-09-23,311,greater_than_450,2.6203616,0.0,1.9585457,2.5160217,3.1463013,6.2886353,0.17691231,4.9279346
2001-09-24,211,less_than_450,0.86969376,0.0,0.621048,0.81108,1.0494013,6.8549194,-0.02148199,1.6919312
2001-09-24,211,greater_than_450,1.030099,0.0,0.7557373,0.9634247,1.2132721,4.849106,0.06943512,1.8995743
2001-09-24,311,less_than_450,2.1905463,0.0,1.3746872,2.1502075,2.7813568,5.3526,-0.73531723,4.891361
2001-09-24,311,greater_than_450,2.5596325,0.0,1.9005947,2.4546127,3.0758057,6.286194,0.13777828,4.838622
2001-09-25,211,less_than_450,0.8686136,0.0,0.62145996,0.8088684,1.0417175,6.975464,-0.008926392,1.6721039
2001-09-25,211,greater_than_450,1.0223557,0.0,0.7523308,0.9566803,1.2019176,4.8147125,0.07795048,1.876298
2001-09-25,311,less_than_450,2.148854,0.0,1.3573372,2.0892334,2.7179565,5.3049927,-0.6835916,4.7588854
2001-09-25,311,greater_than_450,2.5011327,0.0,1.8426437,2.3851776,2.991108,6.2546387,0.11994743,4.7138042
2001-09-26,211,less_than_450,0.86257637,0.0,0.6186142,0.80379486,1.0320663,7.098236,-0.0015640259,1.6522446
2001-09-26,211,greater_than_450,1.0145949,0.0,0.7492647,0.9524231,1.1924217,4.7789154,0.08452928,1.8571571
2001-09-26,311,less_than_450,2.1025953,0.0,1.3395844,2.028534,2.6427612,5.253845,-0.61518097,4.5975266
2001-09-26,311,greater_than_450,2.4439983,0.0,1.7972107,2.3081665,2.9254875,6.199585,0.104795456,4.6179028
2001-09-27,211,less_than_450,0.85512996,0.0,0.6148834,0.79663086,1.0247631,7.231903,6.389618e-05,1.6395826
2001-09-27,211,greater_than_450,1.0060945,0.0,0.74485874,0.94738173,1.1829224,4.741333,0.08776331,1.8400178
2001-09-27,311,less_than_450,2.0559285,0.0,1.3245544,1.9721222,2.5689392,5.1968384,-0.5420227,4.4355164
2001-09-27,311,greater_than_450,2.3854342,0.0,1.7506142,2.2295532,2.87113,6.124817,0.06984043,4.5519037
2002-08-18,211,less_than_450,1.3918604,0.0,0.9508152,1.2622695,1.6795053,6.420392,-0.14222002,2.7725406
2002-08-18,211,greater_than_450,1.4529941,0.0,0.99179983,1.2971659,1.7247732,6.551132,-0.107660174,2.824233
2002-08-18,311,less_than_450,3.8743315,0.0,2.3507786,4.6693783,5.069356,6.9607477,-1.7270875,9.1472225
2002-08-18,311,greater_than_450,4.6766553,0.0,4.534644,4.9579105,5.2537804,6.9397087,3.4559398,6.3324847
2002-08-19,211,less_than_450,1.3860636,0.0,0.9486559,1.2571754,1.6716835,6.391284,-0.13588554,2.756225
2002-08-19,211,greater_than_450,1.4455987,0.0,0.98826647,1.2899141,1.7141719,6.621811,-0.10059166,2.80303
2002-08-19,311,less_than_450,3.8575919,0.0,2.344203,4.6500497,5.052822,6.938286,-1.7187257,9.115751
2002-08-19,311,greater_than_450,4.654595,0.0,4.5056148,4.932067,5.222474,6.9427786,3.4303257,6.297763
2002-08-20,211,less_than_450,1.3782305,0.0,0.9478419,1.2527256,1.6620722,6.355816,-0.123503566,2.7334175
2002-08-20,211,greater_than_450,1.4368644,0.0,0.984144,1.2852889,1.7032595,6.844742,-0.09452927,2.7819328
2002-08-20,311,less_than_450,3.8380082,0.0,2.3212852,4.6317625,5.029957,6.912653,-1.7417221,9.092964
2002-08-20,311,greater_than_450,4.6309166,0.0,4.4800415,4.9106894,5.1991277,6.945178,3.4014122,6.2777567
2002-08-21,211,less_than_450,1.3712897,0.0,0.94563913,1.2473679,1.6542307,6.3309097,-0.1172483,2.7171183
2002-08-21,211,greater_than_450,1.4285375,0.0,0.98125124,1.2787443,1.6942384,7.067543,-0.08822954,2.763719
2002-08-21,311,less_than_450,3.818044,0.0,2.3046303,4.604773,5.008311,6.884055,-1.7508907,9.063831
2002-08-21,311,greater_than_450,4.6057243,0.0,4.455801,4.8934383,5.1679583,6.9469013,3.3875651,6.236194
2002-08-22,211,less_than_450,1.3632377,0.0,0.9420223,1.2412599,1.6422539,6.3717613,-0.108325005,2.6926012
2002-08-22,211,greater_than_450,1.4203869,0.0,0.9780996,1.2729006,1.6841908,7.290222,-0.081037164,2.7433276
2002-08-22,311,less_than_450,3.7973714,0.0,2.2968843,4.5803223,4.9835763,6.833439,-1.7331536,9.013615
2002-08-22,311,greater_than_450,4.580648,0.0,4.419628,4.871392,5.1487665,6.947933,3.3259206,6.242474
2002-08-23,211,less_than_450,1.3546959,0.0,0.93775463,1.2347617,1.6322813,6.405684,-0.10403538,2.6740713
2002-08-23,211,greater_than_450,1.4121552,0.0,0.9753305,1.2670918,1.674016,7.5128136,-0.07269776,2.7220442
2002-08-23,311,less_than_450,3.7749362,0.0,2.2747288,4.5550346,4.960902,6.8125935,-1.7545314,8.990162
2002-08-23,311,greater_than_450,4.5538206,0.0,4.382736,4.842638,5.1220737,6.9483004,3.27373,6.23108
2002-08-24,211,less_than_450,1.352268,0.0,0.93632996,1.2311518,1.6256547,6.432105,-0.097657084,2.6596417
2002-08-24,211,greater_than_450,1.4060303,0.0,0.97225165,1.2624762,1.6675832,7.7353477,-0.07074571,2.7105806
2002-08-24,311,less_than_450,3.757535,0.0,2.264363,4.520977,4.9424114,6.817296,-1.7527096,8.959484
2002-08-24,311,greater_than_450,4.543808,0.0,4.345106,4.8130856,5.1039104,6.9479804,3.2068996,6.242117
2002-08-25,211,less_than_450,1.341789,0.0,0.93047404,1.2235832,1.6108398,6.4442444,-0.09007466,2.6313887
2002-08-25,211,greater_than_450,1.3971112,0.0,0.9693117,1.2548776,1.6541953,7.9575872,-0.058013678,2.6815207
2002-08-25,311,less_than_450,3.7326581,0.0,2.2385511,4.481785,4.919714,6.808914,-1.7831931,8.941458
2002-08-25,311,greater_than_450,4.5134664,0.0,4.306969,4.7871904,5.089821,6.946988,3.1326916,6.264098
2002-08-26,211,less_than_450,1.3254963,0.0,0.9204016,1.2102406,1.5981789,6.3974304,-0.09626436,2.6148448
2002-08-26,211,greater_than_450,1.3894159,0.0,0.96601987,1.2497815,1.6452923,7.969763,-0.05288875,2.6642008
2002-08-26,311,less_than_450,3.7073019,0.0,2.2111368,4.4518127,4.8916025,6.7693615,-1.8095617,8.912301
2002-08-26,311,greater_than_450,4.4852734,0.0,4.2681813,4.7672796,5.0669904,6.945306,3.0699677,6.265204
2002-08-27,211,less_than_450,1.3109804,0.0,0.91152096,1.1992831,1.5837221,6.3418655,-0.09678078,2.5920238
2002-08-27,211,greater_than_450,1.3801324,0.0,0.9621756,1.2423089,1.6341457,7.979707,-0.045779586,2.6421008
2002-08-27,311,less_than_450,3.6796668,0.0,2.187683,4.4125404,4.8678226,6.727314,-1.8325262,8.888032
2002-08-27,311,greater_than_450,4.4455323,0.0,4.2240334,4.7320747,5.0449924,6.9429398,2.9925947,6.276431
2002-08-28,211,less_than_450,1.297201,0.0,0.902369,1.1860229,1.569381,6.2772655,-0.09814894,2.569899
2002-08-28,211,greater_than_450,1.3719891,0.0,0.95887065,1.2358241,1.6236095,7.987565,-0.03823769,2.620718
2002-08-28,311,less_than_450,3.6521714,0.0,2.167789,4.381888,4.843134,6.6830654,-1.8452287,8.856152
2002-08-28,311,greater_than_450,4.410387,0.0,4.1778502,4.694751,5.0139933,6.940792,2.9236357,6.2682076
2002-08-29,211,less_than_450,1.2852228,0.0,0.8937522,1.1738669,1.5559518,6.2037544,-0.09954721,2.5492513
2002-08-29,211,greater_than_450,1.3616196,0.0,0.9540702,1.2294983,1.6137295,7.9933825,-0.03541869,2.6032183
2002-08-29,311,less_than_450,3.623259,0.0,2.1496205,4.3354826,4.8080916,6.636551,-1.8380861,8.795798
2002-08-29,311,greater_than_450,4.382116,0.0,4.1714773,4.661564,4.988985,6.9377346,2.9452157,6.2152467
2002-08-30,211,less_than_450,1.2754881,0.0,0.88798285,1.1648043,1.5433106,6.1219826,-0.09500885,2.5263023
2002-08-30,211,greater_than_450,1.353665,0.0,0.949801,1.2225866,1.6053792,7.997299,-0.033566296,2.5887465
2002-08-30,311,less_than_450,3.5980282,0.0,2.130481,4.2860117,4.7840266,6.5878983,-1.8498375,8.764345
2002-08-30,311,greater_than_450,4.332369,0.0,4.112069,4.6096697,4.9472294,6.9346714,2.8593287,6.19997
2002-08-31,211,less_than_450,1.281086,0.0,0.8945224,1.1659501,1.5365596,6.0315704,-0.0685333,2.4996152
2002-08-31,211,greater_than_450,1.3478248,0.0,0.9467709,1.2174897,1.597794,7.9994726,-0.029763818,2.574329
2002-08-31,311,less_than_450,3.5854454,0.0,2.126548,4.235775,4.7611575,6.537178,-1.8253663,8.713072
2002-08-31,311,greater_than_450,4.3242354,0.0,4.0605373,4.5749207,4.919672,6.931603,2.7718353,6.208374
2002-09-01,211,less_than_450,1.2697927,0.0,0.8861704,1.1553898,1.5214415,5.9977007,-0.06673622,2.474348
2002-09-01,211,greater_than_450,1.3421047,0.0,0.94489443,1.212141,1.5899827,8.0,-0.02273804,2.5576153
2002-09-01,311,less_than_450,3.5567753,0.0,2.1051903,4.184176,4.7316294,6.4845104,-1.8344684,8.671288
2002-09-01,311,greater_than_450,4.296958,0.0,4.010627,4.545681,4.886711,6.928527,2.6965003,6.2008376
2002-09-02,211,less_than_450,1.25735,0.0,0.87650776,1.1415005,1.5079956,5.968652,-0.07072401,2.4552274
2002-09-02,211,greater_than_450,1.3347639,0.0,0.9404206,1.205719,1.5805774,8.0,-0.019814491,2.5408125
2002-09-02,311,less_than_450,3.526152,0.0,2.0801105,4.135391,4.7066336,6.429907,-1.859674,8.646418
2002-09-02,311,greater_than_450,4.2626033,0.0,3.9817376,4.503585,4.8568916,6.925445,2.6690066,6.1696224
2002-09-03,211,less_than_450,1.2455674,0.0,0.86692715,1.1317693,1.4945469,6.0327168,-0.07450247,2.4359765
2002-09-03,211,greater_than_450,1.3269804,0.0,0.9349202,1.1986936,1.5709283,8.0,-0.019092023,2.5249405
2002-09-03,311,less_than_450,3.4956937,0.0,2.0683818,4.079876,4.6810102,6.373497,-1.8505609,8.599953
2002-09-03,311,greater_than_450,4.2287045,0.0,3.946602,4.464287,4.817396,6.923815,2.640411,6.123587
2002-09-04,211,less_than_450,1.2317096,0.0,0.8568318,1.1183195,1.476654,6.0967827,-0.07290161,2.4063873
2002-09-04,211,greater_than_450,1.3187096,0.0,0.9318,1.1914289,1.5606599,8.0,-0.011489809,2.5039496
2002-09-04,311,less_than_450,3.462394,0.0,2.0416489,4.0179787,4.654817,6.315304,-1.8781035,8.57457
2002-09-04,311,greater_than_450,4.192322,0.0,3.8939092,4.418894,4.799829,6.91926,2.5350294,6.1587086
2002-09-05,211,less_than_450,1.2253824,0.0,0.8495502,1.1112628,1.4688835,6.154454,-0.07944983,2.3978834
2002-09-05,211,greater_than_450,1.3148388,0.0,0.9280875,1.1870904,1.5558916,8.0,-0.013618767,2.497598
2002-09-05,311,less_than_450,3.441058,0.4088974,2.0363045,3.957018,4.626808,6.255512,-1.8494511,8.512564
2002-09-05,311,greater_than_450,4.1642847,0.5860274,3.868082,4.3673344,4.773611,6.9161587,2.5097885,6.1319046
2002-09-06,211,less_than_450,1.2131869,0.0,0.83875465,1.0996327,1.4535618,6.163431,-0.08345604,2.3757725
2002-09-06,211,greater_than_450,1.3068173,0.0,0.9226792,1.1795197,1.5463915,8.0,-0.012889266,2.4819598
2002-09-06,311,less_than_450,3.4083369,0.3400383,2.0110283,3.897255,4.5924187,6.2166286,-1.8610573,8.464504
2002-09-06,311,greater_than_450,4.143126,0.5806091,3.8137314,4.3356934,4.744975,7.0,2.4168658,6.1418405
2002-09-07,211,less_than_450,1.1972395,0.0,0.8288871,1.0846748,1.4318409,6.183838,-0.07554358,2.3362715
2002-09-07,211,greater_than_450,1.2972881,0.0,0.917326,1.1704305,1.5346136,8.0,-0.00860548,2.460545
2002-09-07,311,less_than_450,3.3723323,0.27552986,1.9840412,3.844139,4.5668507,6.211718,-1.890173,8.441065
2002-09-07,311,greater_than_450,4.0909963,0.5755596,3.7727566,4.2844343,4.6721516,6.909934,2.423664,6.021244
2002-09-08,211,less_than_450,1.1824582,0.0,0.8181541,1.071377,1.4130116,6.1880894,-0.074132085,2.3052979
2002-09-08,211,greater_than_450,1.2885897,0.1,0.91161704,1.1640073,1.5219957,8.0,-0.003950894,2.4375637
2002-09-08,311,less_than_450,3.336711,0.21525192,1.9587393,3.7833176,4.530737,6.205841,-1.8992572,8.388733
2002-09-08,311,greater_than_450,4.0533967,0.5708693,3.7120504,4.2475834,4.6374717,6.9068117,2.3239186,6.0256033
2002-09-09,211,less_than_450,1.1684004,0.0,0.8064766,1.0582104,1.397389,6.1769056,-0.0798921,2.2837577
2002-09-09,211,greater_than_450,1.280275,0.1,0.90586495,1.1560185,1.5131197,8.0,-0.0050171614,2.4240017
2002-09-09,311,less_than_450,3.2994928,0.15909576,1.927187,3.7150097,4.49769,6.1990647,-1.9285679,8.353445
2002-09-09,311,greater_than_450,4.0124893,0.56653273,3.6390915,4.202183,4.608762,6.903683,2.184586,6.063267
2002-09-10,211,less_than_450,1.1546309,0.0,0.7954216,1.0461283,1.3807869,6.1499596,-0.08262634,2.2588348
2002-09-10,211,greater_than_450,1.2722383,0.1,0.9004688,1.1493509,1.5039661,8.0,-0.004777074,2.409212
2002-09-10,311,less_than_450,3.2622914,0.10699844,1.8981934,3.6467934,4.4594955,6.191286,-1.9437599,8.301449
2002-09-10,311,greater_than_450,3.9723468,0.56254494,3.580412,4.156895,4.585124,6.900547,2.0733438,6.092192
2002-09-11,211,less_than_450,1.1403515,0.0,0.7846308,1.033472,1.363339,6.107149,-0.08343148,2.2314012
2002-09-11,211,greater_than_450,1.2635344,0.1,0.89395905,1.142313,1.4930086,8.0,-0.004615307,2.391583
2002-09-11,311,less_than_450,3.2245505,0.10140398,1.874548,3.5854206,4.4201317,6.1946006,-1.9438276,8.238507
2002-09-11,311,greater_than_450,3.9332886,0.558895,3.5291977,4.1167374,4.5646105,6.8974123,1.9760785,6.1177297
2002-09-12,211,less_than_450,1.1248465,0.0,0.77409744,1.0166006,1.34344,6.049282,-0.07991648,2.197454
2002-09-12,211,greater_than_450,1.2550024,0.1,0.88615245,1.1347309,1.4845151,8.0,-0.011391461,2.382059
2002-09-12,311,less_than_450,3.1854255,0.100000404,1.8494129,3.5133495,4.380577,6.2016993,-1.9473333,8.177323
2002-09-12,311,greater_than_450,3.89315,0.5555819,3.4771633,4.0695143,4.5462027,6.894268,1.8736043,6.1497617
2002-09-13,211,less_than_450,1.1090164,0.0,0.7631717,1.003376,1.3242188,5.976593,-0.07839894,2.1657894
2002-09-13,211,greater_than_450,1.2461241,0.1,0.88034725,1.1257906,1.4731178,8.0,-0.008808613,2.3622737
2002-09-13,311,less_than_450,3.143776,0.10000038,1.8244202,3.4387321,4.3432903,6.2083683,-1.9538848,8.121595
2002-09-13,311,greater_than_450,3.8489141,0.5525968,3.4119987,4.021516,4.5180244,6.8911123,1.7529602,6.177063
2002-09-14,211,less_than_450,1.0953295,0.0,0.7517538,0.9916911,1.3082451,5.888378,-0.08298308,2.142982
2002-09-14,211,greater_than_450,1.2382132,0.0,0.87483776,1.1215196,1.4634662,7.9988837,-0.008104861,2.3464088
2002-09-14,311,less_than_450,3.103805,0.10000038,1.8038983,3.3697472,4.3034763,6.21457,-1.9454687,8.052843
2002-09-14,311,greater_than_450,3.8065047,0.549883,3.3705978,3.9728508,4.4747353,6.8879566,1.7143917,6.1309414
2002-09-15,211,less_than_450,1.0810341,0.0,0.7417337,0.97991943,1.2930257,5.785103,-0.08520442,2.119964
2002-09-15,211,greater_than_450,1.2301275,0.1,0.8699236,1.1119106,1.4535785,7.996054,-0.005558729,2.3290608
2002-09-15,311,less_than_450,3.0626566,0.10000039,1.7754011,3.301918,4.2598076,6.1988,-1.9512086,7.9864173
2002-09-15,311,greater_than_450,3.7632992,0.54699075,3.325161,3.9290504,4.4432373,6.8847866,1.6480465,6.120352
2002-09-16,211,less_than_450,1.0665052,0.0,0.7290504,0.9670682,1.2774806,5.6668854,-0.09359491,2.1001258
2002-09-16,211,greater_than_450,1.2227241,0.0,0.8644285,1.1059108,1.4443979,7.9913797,-0.005525589,2.314352
2002-09-16,311,less_than_450,3.019975,0.0,1.7503176,3.2397518,4.213501,6.1823626,-1.9444575,7.908276
2002-09-16,311,greater_than_450,3.7206059,0.5443386,3.2779713,3.8803253,4.3997,6.881616,1.5953779,6.0822935
2002-09-17,211,less_than_450,1.052219,0.0,0.71793556,0.9524298,1.2593982,5.53434,-0.09425843,2.0715923
2002-09-17,211,greater_than_450,1.2141578,0.0,0.8593356,1.0962377,1.4331756,7.9847727,-0.0014243722,2.2939355
2002-09-17,311,less_than_450,2.9773278,0.1000004,1.7206974,3.1610432,4.169837,6.1652794,-1.953012,7.8435464
2002-09-17,311,greater_than_450,3.6758125,0.5419135,3.2375255,3.8186865,4.37385,6.878444,1.5330389,6.0783367
2002-09-18,211,less_than_450,1.037893,0.0,0.7056885,0.9402627,1.2433168,5.393852,-0.10075396,2.0497591
2002-09-18,211,greater_than_450,1.2056971,0.0,0.85149956,1.0885868,1.4257336,7.9761524,-0.009851456,2.2870846
2002-09-18,311,less_than_450,2.9336352,0.10000038,1.6972861,3.0913486,4.1230392,6.1474686,-1.9413435,7.761669
2002-09-18,311,greater_than_450,3.6294348,0.5397093,3.1567326,3.7711735,4.3317127,6.8752537,1.3942623,6.094183
2002-09-19,211,less_than_450,1.0241468,0.0,0.6951419,0.9277477,1.2275177,5.2289505,-0.10342181,2.0260816
2002-09-19,211,greater_than_450,1.197511,0.0,0.8453293,1.0818453,1.4166387,7.9653516,-0.011634886,2.273603
2002-09-19,311,less_than_450,2.8899548,0.10000041,1.6732917,3.0206778,4.0724163,6.1290264,-1.9253953,7.6711035
2002-09-19,311,greater_than_450,3.582572,0.53341365,3.1008415,3.710411,4.276472,6.8720646,1.3373957,6.039918
2002-09-20,211,less_than_450,1.0105327,0.0,0.68522835,0.9162841,1.2135296,5.161846,-0.10722351,2.0059814
2002-09-20,211,greater_than_450,1.1895765,0.0,0.8387482,1.0760756,1.4061539,7.952279,-0.012360334,2.2572625
2002-09-20,311,less_than_450,2.8450332,0.10000037,1.6429996,2.9454126,4.0177536,6.1099205,-1.9191313,7.5798845
2002-09-20,311,greater_than_450,3.5374243,0.5271559,3.0349236,3.6662445,4.24185,6.8688745,1.224534,6.0522394
2002-09-21,211,less_than_450,0.98863184,0.0,0.66888905,0.89761734,1.1940105,5.1204224,-0.11879313,1.9816927
2002-09-21,211,greater_than_450,1.1706744,0.0,0.8246126,1.0634929,1.3938143,7.9368725,-0.029189944,2.2476168
2002-09-21,311,less_than_450,2.796017,0.0,1.6162562,2.875969,3.9575653,6.09021,-1.8957074,7.469529
2002-09-21,311,greater_than_450,3.4600449,0.0,2.9499931,3.6132755,4.203842,6.09021,1.0692196,6.0846157
2002-09-22,211,less_than_450,0.9830159,0.0,0.6619978,0.89085674,1.1892853,5.084404,-0.12893343,1.9802165
2002-09-22,211,greater_than_450,1.1627808,0.0,0.81792307,1.0569596,1.3859959,7.6481476,-0.034186125,2.238105
2002-09-22,311,less_than_450,2.7553444,0.0,1.5917001,2.8012028,3.8936157,6.0698204,-1.8611734,7.346489
2002-09-22,311,greater_than_450,3.4049375,0.0,2.8745003,3.564703,4.151987,6.0698204,0.9582701,6.0682173
2002-09-23,211,less_than_450,0.96987206,0.0,0.6516826,0.87758124,1.1723814,5.048008,-0.12936556,1.9534296
2002-09-23,211,greater_than_450,1.1570449,0.0,0.8130728,1.050109,1.3772806,7.3582993,-0.033238888,2.2235923
2002-09-23,311,less_than_450,2.7120893,0.0,1.5740585,2.7405891,3.830082,6.0488796,-1.8099766,7.214117
2002-09-23,311,greater_than_450,3.3580363,0.0,2.8262737,3.499669,4.102249,6.0488796,0.9123105,6.0162125
2002-09-24,211,less_than_450,0.9565533,0.0,0.6405167,0.86602163,1.157444,5.0112305,-0.13487428,1.932835
2002-09-24,211,greater_than_450,1.1491723,0.0,0.806232,1.0439606,1.3687637,7.067322,-0.03756559,2.2125611
2002-09-24,311,less_than_450,2.6630304,0.0,1.5449286,2.6664715,3.7641487,6.0272703,-1.7839017,7.092979
2002-09-24,311,greater_than_450,3.3070476,0.0,2.7413864,3.4404907,4.060791,6.0272703,0.7622795,6.039898
2002-09-25,211,less_than_450,0.94073623,0.0,0.63049597,0.8532181,1.13555,4.9740944,-0.12708515,1.8931311
2002-09-25,211,greater_than_450,1.1430713,0.0,0.8023163,1.0375805,1.3615565,6.7752533,-0.036544025,2.2004168
2002-09-25,311,less_than_450,2.607935,0.0,1.5147673,2.5865173,3.6994267,6.0050964,-1.7622219,6.9764156
2002-09-25,311,greater_than_450,3.266895,0.0,2.692276,3.3693275,4.0076647,6.0050964,0.719193,5.9807477
2002-09-26,211,less_than_450,0.9263848,0.0,0.61985064,0.8396158,1.1164765,4.9504395,-0.12508821,1.8614154
2002-09-26,211,greater_than_450,1.1349541,0.0,0.79452324,1.0309767,1.3531215,6.482025,-0.04337418,2.191019
2002-09-26,311,less_than_450,2.558992,0.0,1.4898689,2.5153008,3.6255522,5.9701138,-1.7136562,6.8290772
2002-09-26,311,greater_than_450,3.214785,0.0,2.6310081,3.300928,3.9591396,5.9701138,0.638811,5.951337
2002-09-27,211,less_than_450,0.9149661,0.0,0.6100383,0.82640266,1.1047974,4.970498,-0.13210034,1.846936
2002-09-27,211,greater_than_450,1.1275127,0.0,0.7873759,1.0245137,1.3450582,6.33403,-0.049147487,2.1815815
2002-09-27,311,less_than_450,2.5126703,0.0,1.4627647,2.4514866,3.559452,5.9297237,-1.6822662,6.704483
2002-09-27,311,greater_than_450,3.163833,0.0,2.5582097,3.2472954,3.9098034,5.9297237,0.5308192,5.937194
2003-08-18,211,less_than_450,0.89477766,0.19352578,0.57825494,0.7695713,1.0623664,6.0608253,-0.1479122,1.7885334
2003-08-18,211,greater_than_450,1.0247073,0.20533895,0.69809866,0.9244977,1.2161703,5.8533287,-0.07900882,1.9932778
2003-08-18,311,less_than_450,3.438842,0.39538956,1.7804561,4.0358086,4.847947,6.4851875,-2.8207803,9.449183
2003-08-18,311,greater_than_450,4.472182,0.5215092,4.3694277,4.741705,5.052544,6.7131386,3.344753,6.077219
2003-08-19,211,less_than_450,0.8742483,0.18921089,0.5646696,0.7516589,1.038264,5.967396,-0.14572203,1.7486557
2003-08-19,211,greater_than_450,1.0075358,0.19666529,0.68858075,0.9104128,1.1951785,5.774994,-0.071315885,1.9550751
2003-08-19,311,less_than_450,3.4049132,0.3893962,1.7436028,3.98703,4.8329153,6.443756,-2.890366,9.466885
2003-08-19,311,greater_than_450,4.440568,0.5082722,4.3470345,4.7170777,5.0367966,6.7284565,3.3123913,6.0714397
2003-08-20,211,less_than_450,0.85793155,0.18412519,0.5511198,0.73521423,1.018137,5.872406,-0.14940596,1.7186627
2003-08-20,211,greater_than_450,0.99244136,0.0,0.6785557,0.8964498,1.1780186,5.6955147,-0.07063854,1.9272128
2003-08-20,311,less_than_450,3.3747263,0.38403106,1.7186351,3.9195175,4.811954,6.412531,-2.9213433,9.451933
2003-08-20,311,greater_than_450,4.4106097,0.49559116,4.3114977,4.7000284,5.0124297,6.7382565,3.2600996,6.0638275
2003-08-21,211,less_than_450,0.8398982,0.18005216,0.5389265,0.71781015,0.99808466,5.7767982,-0.14981079,1.6868219
2003-08-21,211,greater_than_450,0.9779221,0.18133831,0.6706586,0.8829346,1.1620421,5.6161003,-0.06641674,1.8991175
2003-08-21,311,less_than_450,3.3434043,0.3793075,1.6874542,3.8236847,4.789896,6.409931,-2.9662085,9.443559
2003-08-21,311,greater_than_450,4.3818855,0.4833908,4.2684097,4.6839743,4.9883995,6.7390747,3.188425,6.068384
2003-08-22,211,less_than_450,0.82541734,0.17705977,0.5275121,0.7035456,0.98263216,5.769802,-0.15516806,1.6653123
2003-08-22,211,greater_than_450,0.9653557,0.17933774,0.66388035,0.8718939,1.1476398,5.539383,-0.061758757,1.8732789
2003-08-22,311,less_than_450,3.3165882,0.37520552,1.6672366,3.76225,4.786827,6.3721657,-3.012149,9.466213
2003-08-22,311,greater_than_450,4.3558106,0.4718175,4.253317,4.6653023,4.9752474,6.735607,3.1704211,6.058143
2003-08-23,211,less_than_450,0.81202453,0.17350578,0.51670754,0.6915493,0.9692097,5.746086,-0.16204566,1.6479628
2003-08-23,211,greater_than_450,0.9539001,0.17669868,0.65627205,0.86203,1.1355307,5.4566383,-0.06261593,1.8544188
2003-08-23,311,less_than_450,3.2883804,0.37295854,1.6454029,3.702849,4.765172,6.3237877,-3.0342507,9.444826
2003-08-23,311,greater_than_450,4.3319545,0.46076107,4.22089,4.6577234,4.947588,6.728052,3.1308432,6.037635
2003-08-24,211,less_than_450,0.801775,0.16712475,0.5071994,0.6832454,0.96045995,5.712433,-0.1726914,1.6403508
2003-08-24,211,greater_than_450,0.9448645,0.17573738,0.6498151,0.8542738,1.1253643,5.3734665,-0.06350875,1.8386881
2003-08-24,311,less_than_450,3.2654245,0.3715352,1.6225414,3.6558952,4.7526894,6.271282,-3.0726805,9.447911
2003-08-24,311,greater_than_450,4.3119464,0.45855093,4.2085876,4.655301,4.9283624,6.7171097,3.1289256,6.008024
2003-08-25,211,less_than_450,0.7823425,0.0,0.49865437,0.67527914,0.93905926,5.673088,-0.16195297,1.5996666
2003-08-25,211,greater_than_450,0.9330312,0.0,0.6439725,0.8464651,1.1080723,5.290554,-0.05217713,1.8042219
2003-08-25,311,less_than_450,3.2296124,0.37092388,1.598706,3.552126,4.735943,6.2215157,-3.1071494,9.441798
2003-08-25,311,greater_than_450,4.2916956,0.4583161,4.2047467,4.6386776,4.9142647,6.699209,3.1404698,5.9785414
2003-08-26,211,less_than_450,0.7746607,0.1530335,0.49315143,0.6690755,0.9308729,5.643631,-0.16343081,1.5874552
2003-08-26,211,greater_than_450,0.9269239,0.15903568,0.6388936,0.84019613,1.1018581,5.213875,-0.055553198,1.796305
2003-08-26,311,less_than_450,3.210202,0.37137365,1.5799723,3.4795976,4.728561,6.201309,-3.142911,9.451445
2003-08-26,311,greater_than_450,4.2773676,0.4591359,4.151003,4.6288543,4.9045973,6.674387,3.0206113,6.034989
2003-08-27,211,less_than_450,0.7671101,0.14871693,0.48928154,0.6642885,0.9230766,5.580158,-0.1614111,1.5737693
2003-08-27,211,greater_than_450,0.9216059,0.15326309,0.6334367,0.8359277,1.0959225,5.1734543,-0.060292006,1.7896512
2003-08-27,311,less_than_450,3.1899776,0.37287235,1.5611086,3.4374046,4.727267,6.1936283,-3.1881285,9.476503
2003-08-27,311,greater_than_450,4.2645707,0.4609624,4.102727,4.6285295,4.9103518,6.647064,2.8912897,6.121789
2003-08-28,211,less_than_450,0.76191634,0.14026594,0.4866556,0.6603489,0.9161304,5.5006714,-0.15755665,1.5603427
2003-08-28,211,greater_than_450,0.9185536,0.14931297,0.6302836,0.8306358,1.0943475,5.1346626,-0.06581223,1.7904433
2003-08-28,311,less_than_450,3.175005,0.37649632,1.5509472,3.3782425,4.720525,6.1994705,-3.2034192,9.474892
2003-08-28,311,greater_than_450,4.2568407,0.4650116,4.0845337,4.6276965,4.9143248,6.6173515,2.839847,6.1590114
2003-08-29,211,less_than_450,0.75485003,0.13142765,0.48404437,0.6570754,0.9075376,5.4617825,-0.15119547,1.5427774
2003-08-29,211,greater_than_450,0.91530216,0.13919926,0.6280399,0.8290911,1.0914278,5.0974197,-0.06704193,1.7865096
2003-08-29,311,less_than_450,3.1572104,0.3806703,1.544342,3.3271751,4.7206316,6.255575,-3.2200923,9.485065
2003-08-29,311,greater_than_450,4.249786,0.46996737,4.029228,4.623853,4.913206,6.5852776,2.7032614,6.239173
2003-08-30,211,less_than_450,0.7517139,0.0,0.4827714,0.6555022,0.9028386,5.4214993,-0.14732939,1.5329394
2003-08-30,211,greater_than_450,0.9148087,0.0,0.62547684,0.8296335,1.092831,5.0783153,-0.07555443,1.7938623
2003-08-30,311,less_than_450,3.146444,0.38090515,1.5403038,3.2910833,4.7145653,6.305916,-3.221089,9.475958
2003-08-30,311,greater_than_450,4.2454906,0.47572184,3.991879,4.6292677,4.921441,6.552149,2.5975358,6.3157845
2003-08-31,211,less_than_450,0.7474573,0.1013042,0.48201776,0.6531278,0.89772797,5.375347,-0.14154756,1.5212933
2003-08-31,211,greater_than_450,0.914101,0.10083906,0.6229172,0.8303747,1.0942998,5.083334,-0.08415675,1.8013737
2003-08-31,311,less_than_450,3.1328845,0.3753839,1.5350567,3.2374573,4.7118664,6.3492165,-3.2301583,9.477081
2003-08-31,311,greater_than_450,4.2418184,0.48223448,3.9381218,4.624361,4.9244976,6.514303,2.458558,6.4040613
2003-09-01,211,less_than_450,0.74885786,0.0,0.48157048,0.6526351,0.90230215,5.325203,-0.14952701,1.5333996
2003-09-01,211,greater_than_450,0.9166066,0.10000017,0.62454677,0.8344374,1.0978475,5.090073,-0.08540428,1.8077985
2003-09-01,311,less_than_450,3.1270645,0.37404004,1.5359241,3.1915894,4.715002,6.3838444,-3.2326932,9.48362
2003-09-01,311,greater_than_450,4.2416825,0.48945904,3.9110355,4.62674,4.9315453,6.4730644,2.380271,6.46231
2003-09-02,211,less_than_450,0.74571645,0.1048432,0.4816383,0.65091646,0.8947983,5.269718,-0.13810164,1.5145383
2003-09-02,211,greater_than_450,0.9177253,0.0,0.6239333,0.8353089,1.1003299,5.103754,-0.090661526,1.8149247
2003-09-02,311,less_than_450,3.1158857,0.37405455,1.5332808,3.1433525,4.708296,6.3941917,-3.2292418,9.4708185
2003-09-02,311,greater_than_450,4.239201,0.49861765,3.899703,4.633232,4.9336324,6.430275,2.348809,6.4845266
2003-09-03,211,less_than_450,0.74596506,0.0,0.48204517,0.65171194,0.89839995,5.3075714,-0.14248699,1.522932
2003-09-03,211,greater_than_450,0.92078453,0.0,0.6254816,0.84009326,1.1062901,5.1398335,-0.09573114,1.8275028
2003-09-03,311,less_than_450,3.1094782,0.0,1.5351598,3.1048937,4.711319,6.387429,-3.229079,9.475557
2003-09-03,311,greater_than_450,4.2367573,0.50850487,3.8426867,4.6385303,4.935475,6.4035134,2.2035043,6.5746574
2003-09-04,211,less_than_450,0.74633354,0.1018863,0.48314327,0.65237045,0.8972328,5.3544426,-0.13799101,1.518367
2003-09-04,211,greater_than_450,0.92437917,0.0,0.6277466,0.84315014,1.1113138,5.1705074,-0.097604275,1.8366647
2003-09-04,311,less_than_450,3.1007938,0.37768495,1.5376878,3.0629807,4.6994696,6.373575,-3.2049851,9.4421425
2003-09-04,311,greater_than_450,4.2331767,0.5183549,3.8564978,4.641214,4.936825,6.404536,2.2360072,6.5573153
2003-09-05,211,less_than_450,0.747373,0.101006985,0.48402917,0.6538856,0.8982353,5.3974,-0.13728005,1.5195446
2003-09-05,211,greater_than_450,0.92847186,0.0,0.6311989,0.84728146,1.115839,5.189234,-0.0957613,1.8427992
2003-09-05,311,less_than_450,3.0947104,0.37847662,1.5436888,3.0419998,4.693964,6.350357,-3.181724,9.419376
2003-09-05,311,greater_than_450,4.2295895,0.52814484,3.7916787,4.626158,4.936927,6.4005623,2.0738063,6.654799
2003-09-06,211,less_than_450,0.7450738,0.0,0.48419094,0.6525235,0.89674306,5.43062,-0.13463724,1.5155712
2003-09-06,211,greater_than_450,0.931649,0.0,0.63265944,0.85013485,1.1210384,5.17772,-0.09990907,1.8536069
2003-09-06,311,less_than_450,3.0845492,0.0,1.5400823,3.0413208,4.6811104,6.3159485,-3.1714597,9.3926525
2003-09-06,311,greater_than_450,4.223338,0.5376868,3.732489,4.6257286,4.9289055,6.4116173,1.9378645,6.72353
2003-09-07,211,less_than_450,0.74847144,0.0,0.48618126,0.6558807,0.9029007,5.4355764,-0.1388979,1.5279799
2003-09-07,211,greater_than_450,0.93606937,0.0,0.63511205,0.85593796,1.1281366,5.197574,-0.104424834,1.8676735
2003-09-07,311,less_than_450,3.0789256,0.0,1.5426415,3.0290866,4.6625214,6.288266,-3.137178,9.34234
2003-09-07,311,greater_than_450,4.2153883,0.54680824,3.7100306,4.627496,4.9278517,6.451149,1.8832989,6.7545834
2003-09-08,211,less_than_450,0.7484542,0.0,0.48823458,0.65717864,0.9010184,5.4610047,-0.1309411,1.520194
2003-09-08,211,greater_than_450,0.9395071,0.0,0.63863087,0.8593322,1.1316032,5.2150507,-0.100827694,1.8710618
2003-09-08,311,less_than_450,3.0701253,0.37625313,1.5428026,3.00309,4.6467867,6.3015003,-3.1131737,9.302763
2003-09-08,311,greater_than_450,4.203814,0.55201006,3.6808958,4.608947,4.9168677,6.483819,1.8269379,6.7708254
2003-09-09,211,less_than_450,0.7489475,0.0,0.48870158,0.659472,0.89938545,5.475268,-0.12732422,1.5154113
2003-09-09,211,greater_than_450,0.9428656,0.0,0.6419058,0.8645921,1.1355674,5.2295766,-0.09858668,1.8760599
2003-09-09,311,less_than_450,3.0601037,0.36794996,1.5397682,2.9770947,4.631496,6.3054934,-3.0978231,9.269087
2003-09-09,311,greater_than_450,4.189313,0.5556557,3.6416903,4.5999975,4.912018,6.5024796,1.7361989,6.817509
2003-09-10,211,less_than_450,0.74847543,0.0,0.49016696,0.66009927,0.89829636,5.446663,-0.1220271,1.5104904
2003-09-10,211,greater_than_450,0.9453863,0.0,0.6450386,0.87031174,1.138607,5.231163,-0.095314026,1.8789597
2003-09-10,311,less_than_450,3.0475717,0.35981417,1.5410156,2.9613867,4.6043243,6.266556,-3.0539474,9.199287
2003-09-10,311,greater_than_450,4.169517,0.5586295,3.5656548,4.574961,4.8900833,6.519876,1.5790119,6.876726
2003-09-11,211,less_than_450,0.75224304,0.0,0.49040508,0.66187906,0.9030304,5.4130383,-0.12853289,1.5219684
2003-09-11,211,greater_than_450,0.94937336,0.0,0.64796066,0.87620664,1.1442214,5.227777,-0.09643048,1.8886125
2003-09-11,311,less_than_450,3.0410058,0.35173988,1.5389347,2.9381113,4.5766873,6.2906303,-3.0176945,9.133316
2003-09-11,311,greater_than_450,4.1500835,0.56079245,3.526394,4.555853,4.874855,6.524151,1.5037022,6.897547
2003-09-12,211,less_than_450,0.7500838,0.11306393,0.48981,0.66285264,0.8992775,5.368805,-0.12439132,1.5134788
2003-09-12,211,greater_than_450,0.95064896,0.0,0.65185755,0.8765354,1.1458874,5.233231,-0.089187205,1.8869321
2003-09-12,311,less_than_450,3.022747,0.34035873,1.5352726,2.9009209,4.5497465,6.2860193,-2.9864383,9.071457
2003-09-12,311,greater_than_450,4.124767,0.5609261,3.5731297,4.5210376,4.852621,6.491623,1.6538925,6.771858
2003-09-13,211,less_than_450,0.7495827,0.11620855,0.48837683,0.66422576,0.8991432,5.314125,-0.12777278,1.5152929
2003-09-13,211,greater_than_450,0.9529935,0.0,0.65531826,0.8797083,1.1485183,5.235878,-0.084481835,1.8883184
2003-09-13,311,less_than_450,3.004131,0.32847214,1.530674,2.8620663,4.5153427,6.267496,-2.946329,8.992346
2003-09-13,311,greater_than_450,4.0946374,0.5601169,3.5588264,4.4882,4.836135,6.4346867,1.6428638,6.7520976
2003-09-14,211,less_than_450,0.75075847,0.0,0.4867674,0.6636095,0.90231794,5.303789,-0.13655841,1.5256438
2003-09-14,211,greater_than_450,0.9552637,0.0,0.6570407,0.88233304,1.1495397,5.2299514,-0.081707776,1.8882883
2003-09-14,311,less_than_450,2.9888399,0.31827402,1.5232925,2.8639517,4.4850397,6.299591,-2.9193282,8.92766
2003-09-14,311,greater_than_450,4.064989,0.5584197,3.5222178,4.456544,4.814868,6.366028,1.5832424,6.7538433
2003-09-15,211,less_than_450,0.7475905,0.10567963,0.48567903,0.66224766,0.8966012,5.319359,-0.13070422,1.5129845
2003-09-15,211,greater_than_450,0.955776,0.10000016,0.65838456,0.88422227,1.1505413,5.222095,-0.079850554,1.8887764
2003-09-15,311,less_than_450,2.965634,0.31214523,1.5144606,2.8298883,4.4627647,6.3264666,-2.9079957,8.8852215
2003-09-15,311,greater_than_450,4.030319,0.5557339,3.401991,4.420067,4.785904,6.3264666,1.3261213,6.8617735
2003-09-16,211,less_than_450,0.74487555,0.100000195,0.4843254,0.661295,0.8935118,5.3297515,-0.12945414,1.5072913
2003-09-16,211,greater_than_450,0.9559771,0.0,0.6594275,0.88545966,1.1517917,5.2058163,-0.07911873,1.890338
2003-09-16,311,less_than_450,2.9413486,0.3122902,1.5085367,2.8074353,4.426468,6.3294086,-2.86836,8.803365
2003-09-16,311,greater_than_450,3.9931805,0.5519426,3.3417082,4.3819776,4.7604523,6.3294086,1.213592,6.8885684
2003-09-17,211,less_than_450,0.7443217,0.10000019,0.482193,0.66044235,0.8917351,5.3313766,-0.13212013,1.5060482
2003-09-17,211,greater_than_450,0.95717114,0.10000019,0.6603987,0.8880997,1.155531,5.18573,-0.08229977,1.8982296
2003-09-17,311,less_than_450,2.9181125,0.30899096,1.5094237,2.8070107,4.3956146,6.324093,-2.8198628,8.724901
2003-09-17,311,greater_than_450,3.9539542,0.54708385,3.2530441,4.3469715,4.7347555,6.324093,1.030477,6.9573226
2003-09-18,211,less_than_450,0.7395806,0.10000017,0.4800334,0.6589879,0.8871474,5.3280926,-0.13063765,1.4978185
2003-09-18,211,greater_than_450,0.95581037,0.10000017,0.66175747,0.88609886,1.1552114,5.1584473,-0.0784235,1.8953924
2003-09-18,311,less_than_450,2.8894937,0.3022852,1.4963245,2.7766342,4.358021,6.307543,-2.7962198,8.650565
2003-09-18,311,greater_than_450,3.9111984,0.5398493,3.1785073,4.2824974,4.7052765,6.307543,0.8883536,6.99543
2003-09-19,211,less_than_450,0.73469186,0.10000017,0.477677,0.65611386,0.88164616,5.321,-0.12827677,1.4875998
2003-09-19,211,greater_than_450,0.9543995,0.10000017,0.66210747,0.88609505,1.1546903,5.120672,-0.07676673,1.8935645
2003-09-19,311,less_than_450,2.8582203,0.2964406,1.4813213,2.7402,4.3117933,6.279997,-2.7643867,8.557501
2003-09-19,311,greater_than_450,3.865556,0.5315361,3.114972,4.2346363,4.6807837,6.279997,0.76625466,7.029501
2003-09-20,211,less_than_450,0.7314791,0.1000002,0.47555184,0.65378666,0.87812614,5.3090534,-0.12830961,1.4819876
2003-09-20,211,greater_than_450,0.9533081,0.1042124,0.6620207,0.8866525,1.1538191,5.0633125,-0.07567692,1.8915167
2003-09-20,311,less_than_450,2.8268611,0.2908659,1.4705703,2.702921,4.2629623,6.2368584,-2.7180178,8.4515505
2003-09-20,311,greater_than_450,3.8173027,0.5221143,3.0856895,4.180069,4.6448445,6.2368584,0.74695706,6.983577
2003-09-21,211,less_than_450,0.7269768,0.10000017,0.47354835,0.6515393,0.87304926,5.2920303,-0.12570304,1.4723006
2003-09-21,211,greater_than_450,0.95154685,0.10440439,0.66111124,0.8856385,1.1529483,5.000187,-0.0766443,1.8907038
2003-09-21,311,less_than_450,2.7926326,0.28558898,1.4578176,2.667996,4.2134705,6.17453,-2.6756616,8.34695
2003-09-21,311,greater_than_450,3.766596,0.5200138,3.012085,4.112898,4.6039176,6.17453,0.624336,6.991667
2003-09-22,211,less_than_450,0.722011,0.10000016,0.47115386,0.6494396,0.86718094,5.23917,-0.12288678,1.4612216
2003-09-22,211,greater_than_450,0.94922596,0.10095869,0.66023016,0.88430595,1.1509719,4.93198,-0.075882435,1.8870845
2003-09-22,311,less_than_450,2.7559762,0.281106,1.4426613,2.6157606,4.145935,6.10207,-2.6122494,8.200846
2003-09-22,311,greater_than_450,3.7125945,0.5174465,2.9594536,4.0291824,4.561483,6.10207,0.5564096,6.964527
2003-09-23,211,less_than_450,0.7157422,0.10000019,0.46893978,0.6459078,0.8627558,5.1783524,-0.12178421,1.4534798
2003-09-23,211,greater_than_450,0.94618714,0.10089341,0.6592904,0.88147545,1.1481131,4.861883,-0.073943794,1.8813473
2003-09-23,311,less_than_450,2.7150266,0.27794743,1.4324102,2.5517669,4.0911026,6.1219807,-2.5556283,8.079142
2003-09-23,311,greater_than_450,3.6552503,0.5151148,2.8868484,3.9602928,4.5154305,6.028721,0.44397545,6.9583035
2003-09-24,211,less_than_450,0.70889205,0.0,0.46543807,0.6432867,0.85370296,5.1132164,-0.116959274,1.4361002
2003-09-24,211,greater_than_450,0.9425309,0.0,0.6584468,0.87753963,1.1449103,4.821911,-0.07124853,1.8746057
2003-09-24,311,less_than_450,2.6728997,0.27511334,1.4156494,2.500801,4.018321,6.115722,-2.488358,7.9223285
2003-09-24,311,greater_than_450,3.5949986,0.5131564,2.8096008,3.8826199,4.4564514,5.8998947,0.33932495,6.9267273
2003-09-25,211,less_than_450,0.70519996,0.100000195,0.46352947,0.64049125,0.8512211,5.043251,-0.11800796,1.4327586
2003-09-25,211,greater_than_450,0.9398799,0.0,0.6572282,0.87582874,1.1406537,4.7785873,-0.067910135,1.865792
2003-09-25,311,less_than_450,2.633991,0.2725873,1.4012855,2.4679403,3.9456253,6.0981426,-2.415224,7.7621346
2003-09-25,311,greater_than_450,3.5356572,0.5115789,2.7637482,3.7978363,4.4025574,5.7644043,0.30553436,6.860771
2003-09-26,211,less_than_450,0.6994399,0.10000019,0.46054024,0.6362696,0.84585756,4.9685135,-0.11743575,1.4238336
2003-09-26,211,greater_than_450,0.9359569,0.100894466,0.65616107,0.87313247,1.1359173,4.731285,-0.063473284,1.8555517
2003-09-26,311,less_than_450,2.5907803,0.27048647,1.3819933,2.4089165,3.8776245,6.0689106,-2.3614535,7.6210713
2003-09-26,311,greater_than_450,3.4718304,0.5104999,2.6565285,3.7097054,4.3382034,5.644888,0.13401604,6.860716
2003-09-27,211,less_than_450,0.68821526,0.10000019,0.45697308,0.6279823,0.828634,4.887577,-0.100518346,1.3861254
2003-09-27,211,greater_than_450,0.9293523,0.10089482,0.6527653,0.8666708,1.1266341,4.680187,-0.058037996,1.8374374
2003-09-27,311,less_than_450,2.5386992,0.26842391,1.3561325,2.345664,3.8040476,6.0271797,-2.31574,7.47592
2003-09-27,311,greater_than_450,3.403173,0.5100002,2.531437,3.6146545,4.267784,5.6705685,-0.07308388,6.872305
2004-08-17,211,less_than_450,1.0879275,0.10000008,0.7047653,0.9547329,1.318615,6.128315,-0.21600914,2.2393894
2004-08-17,211,greater_than_450,1.2372341,0.10000008,0.83213043,1.1134007,1.4858512,5.9503784,-0.14845067,2.4664323
2004-08-17,311,less_than_450,3.4557843,0.44916058,1.8868217,3.9415398,4.801498,6.474716,-2.4851923,9.1735115
2004-08-17,311,greater_than_450,4.449691,0.64343166,4.2599325,4.6870594,5.066868,6.128511,3.0495296,6.277271
2004-08-18,211,less_than_450,1.0729452,0.10000011,0.6969614,0.94254875,1.3015957,6.091772,-0.20999002,2.208547
2004-08-18,211,greater_than_450,1.2222232,0.10000011,0.820426,1.0989659,1.4667399,6.019348,-0.14904487,2.4362106
2004-08-18,311,less_than_450,3.4311783,0.46906376,1.8667104,3.9061508,4.7771044,6.5488358,-2.4988806,9.142695
2004-08-18,311,greater_than_450,4.430531,0.6213074,4.2217484,4.672312,5.053153,6.1227593,2.9746413,6.30026
2004-08-19,211,less_than_450,1.0577693,0.10000013,0.6900797,0.931146,1.2807035,6.053152,-0.1958561,2.1666393
2004-08-19,211,greater_than_450,1.208485,0.10000013,0.8113642,1.0867481,1.4515249,6.0824165,-0.14887685,2.4117658
2004-08-19,311,less_than_450,3.4056695,0.47578812,1.8414621,3.8731527,4.7607727,6.61425,-2.5375037,9.139738
2004-08-19,311,greater_than_450,4.411917,0.60315895,4.179385,4.650898,5.0325947,6.115362,2.899571,6.312409
2004-08-20,211,less_than_450,1.0411848,0.10000011,0.6823883,0.913784,1.2568101,6.012785,-0.17924434,2.1184428
2004-08-20,211,greater_than_450,1.1951393,0.10000011,0.8005519,1.0732784,1.433178,6.1400375,-0.1483872,2.382117
2004-08-20,311,less_than_450,3.381242,0.4833002,1.8254194,3.8379002,4.743494,6.6030216,-2.5516925,9.120605
2004-08-20,311,greater_than_450,4.392312,0.59325504,4.167204,4.639139,5.004696,6.1062746,2.910966,6.260934
2004-08-21,211,less_than_450,1.029477,0.100000106,0.67509174,0.9037533,1.2423382,5.9775085,-0.17577791,2.0932078
2004-08-21,211,greater_than_450,1.1849775,0.100000106,0.79419136,1.0638399,1.4229622,6.15119,-0.14896488,2.3661184
2004-08-21,311,less_than_450,3.3601701,0.49356365,1.8020253,3.7911148,4.723255,6.584448,-2.5798192,9.1051
2004-08-21,311,greater_than_450,4.3745027,0.58550024,4.1669536,4.6412106,4.981493,6.182289,2.9451444,6.2033024
2004-08-22,211,less_than_450,1.0197212,0.1000001,0.6685276,0.895722,1.2329903,5.9416714,-0.17816639,2.0796843
2004-08-22,211,greater_than_450,1.1763294,0.1000001,0.78664523,1.0563774,1.412293,6.15256,-0.15182632,2.3507645
2004-08-22,311,less_than_450,3.341376,0.48737717,1.7876664,3.7483635,4.7094593,6.5557175,-2.5950232,9.092149
2004-08-22,311,greater_than_450,4.357981,0.5798626,4.1443653,4.6252794,4.9569035,6.248581,2.925558,6.1757107
2004-08-23,211,less_than_450,1.006623,0.10000011,0.66165304,0.88438034,1.215908,5.9416046,-0.16972947,2.0472906
2004-08-23,211,greater_than_450,1.1670552,0.10000011,0.7790489,1.0472164,1.401218,6.148838,-0.15420479,2.3344717
2004-08-23,311,less_than_450,3.3200138,0.47524166,1.7723192,3.7358246,4.69382,6.4710007,-2.6099315,9.076071
2004-08-23,311,greater_than_450,4.342585,0.5763626,4.1213036,4.6129007,4.935976,6.3114204,2.8992949,6.1579847
2004-08-24,211,less_than_450,0.9971502,0.10000011,0.65528107,0.87400246,1.2075546,5.94468,-0.1731292,2.035965
2004-08-24,211,greater_than_450,1.1598717,0.10000011,0.7723532,1.0415931,1.3951945,6.1319656,-0.16190886,2.3294566
2004-08-24,311,less_than_450,3.3018699,0.46344566,1.7652931,3.702671,4.6801815,6.384384,-2.6070395,9.052514
2004-08-24,311,greater_than_450,4.326622,0.5745244,4.1316605,4.606922,4.926029,6.3713937,2.9401073,6.1175823
2004-08-25,211,less_than_450,0.98698413,0.100000106,0.6496997,0.8666563,1.1934395,5.944619,-0.16591,2.0090492
2004-08-25,211,greater_than_450,1.1530546,0.0,0.7656431,1.0347619,1.3880992,6.056587,-0.16804099,2.3217833
2004-08-25,311,less_than_450,3.2835045,0.45220566,1.7523358,3.6649723,4.669557,6.3692513,-2.6234963,9.045389
2004-08-25,311,greater_than_450,4.3112717,0.5732261,4.1311307,4.5986996,4.913124,6.4282494,2.9581406,6.086114
2004-08-26,211,less_than_450,0.9789407,0.100000136,0.64434433,0.8565881,1.1845403,5.9402456,-0.16594958,1.9948342
2004-08-26,211,greater_than_450,1.1477998,0.100000136,0.7609863,1.0295587,1.3838444,5.974144,-0.17330074,2.3181314
2004-08-26,311,less_than_450,3.2684958,0.44114494,1.7481003,3.6439228,4.654436,6.336334,-2.6114035,9.01394
2004-08-26,311,greater_than_450,4.2951946,0.57638764,4.1220045,4.581343,4.885625,6.393173,2.976574,6.0310555
2004-08-27,211,less_than_450,0.9717279,0.10000008,0.63870335,0.85005975,1.1801834,5.9581404,-0.17351675,1.9924035
2004-08-27,211,greater_than_450,1.1434214,0.0,0.75809747,1.0265367,1.3787727,5.882721,-0.1729154,2.3097856
2004-08-27,311,less_than_450,3.2532022,0.4378624,1.730432,3.6107082,4.6395793,6.3082275,-2.6332889,9.0033
2004-08-27,311,greater_than_450,4.2804527,0.5802686,4.127716,4.564763,4.864395,6.356251,3.0226974,5.9694138
2004-08-28,211,less_than_450,0.96122813,0.1000001,0.63373065,0.838984,1.1629488,5.9730053,-0.16009665,1.9567761
2004-08-28,211,greater_than_450,1.13835,0.0,0.7538223,1.0222144,1.3726006,5.78479,-0.17434502,2.300768
2004-08-28,311,less_than_450,3.2375124,0.43506813,1.7198821,3.5951462,4.618673,6.274231,-2.6283045,8.96686
2004-08-28,311,greater_than_450,4.266624,0.5848141,4.1016693,4.5660934,4.859767,6.317528,2.9645228,5.9969134
2004-08-29,211,less_than_450,0.9513795,0.10000007,0.62828827,0.8282423,1.1547608,5.984871,-0.16142058,1.9444697
2004-08-29,211,greater_than_450,1.1339644,0.0,0.74951315,1.0175855,1.3672662,5.691063,-0.1771164,2.2938957
2004-08-29,311,less_than_450,3.2187085,0.43274903,1.7111588,3.5604477,4.6042175,6.250121,-2.6284294,8.943806
2004-08-29,311,greater_than_450,4.2520995,0.5898943,4.0756245,4.5589504,4.8341055,6.2773666,2.937903,5.971827
2004-08-30,211,less_than_450,0.9455636,0.100000106,0.6218563,0.82006264,1.1472015,5.9950824,-0.1661616,1.9352194
2004-08-30,211,greater_than_450,1.1317123,0.100000106,0.7473078,1.0130898,1.3663404,5.590393,-0.18124115,2.2948895
2004-08-30,311,less_than_450,3.2060893,0.43221092,1.7006118,3.527298,4.590603,6.2570767,-2.6343749,8.92559
2004-08-30,311,greater_than_450,4.2378707,0.5955062,4.0468597,4.5468254,4.822712,6.2364006,2.8830814,5.9864902
2004-08-31,211,less_than_450,0.9367542,0.10000011,0.61564785,0.8104534,1.1376848,6.0012755,-0.16740757,1.9207402
2004-08-31,211,greater_than_450,1.1283188,0.10000011,0.7456329,1.0105944,1.363389,5.516918,-0.1810013,2.2900233
2004-08-31,311,less_than_450,3.1891096,0.4303311,1.6843691,3.4759479,4.580347,6.2632747,-2.6595979,8.9243145
2004-08-31,311,greater_than_450,4.2241306,0.6020646,4.0406227,4.5327587,4.8075237,6.194481,2.8902712,5.9578753
2004-09-01,211,less_than_450,0.9245022,0.0,0.6099052,0.8013576,1.122853,6.004799,-0.15951663,1.8922749
2004-09-01,211,greater_than_450,1.122958,0.0,0.7418232,1.0052687,1.3567384,5.4877777,-0.18054968,2.2791114
2004-09-01,311,less_than_450,3.1679235,0.42879105,1.6661432,3.4658203,4.57041,6.267932,-2.6902568,8.926809
2004-09-01,311,greater_than_450,4.209367,0.60882187,4.007393,4.5274315,4.8002634,6.1512756,2.818087,5.989569
2004-09-02,211,less_than_450,0.9264497,0.1000001,0.6052284,0.7967429,1.1246753,6.0056496,-0.17394185,1.9038455
2004-09-02,211,greater_than_450,1.124192,0.1000001,0.7406954,1.0069323,1.3602558,5.4545517,-0.18864518,2.2895966
2004-09-02,311,less_than_450,3.1634147,0.4276123,1.6657338,3.4745674,4.561764,6.2699137,-2.6783109,8.905808
2004-09-02,311,greater_than_450,4.1981306,0.61575603,3.98909,4.5138216,4.7803574,6.1071625,2.8021889,5.9672585
2004-09-03,211,less_than_450,0.9168944,0.10000012,0.5989723,0.78762954,1.1120005,6.00683,-0.1705699,1.8815427
2004-09-03,211,greater_than_450,1.1201111,0.10000012,0.7395541,1.0037172,1.3554363,5.4170685,-0.18426925,2.2792597
2004-09-03,311,less_than_450,3.1437974,0.4308977,1.6567736,3.4404325,4.5504155,6.278553,-2.683689,8.890879
2004-09-03,311,greater_than_450,4.1821837,0.6226473,3.931532,4.499215,4.773245,6.102291,2.6689625,6.0358143
2004-09-04,211,less_than_450,0.9106095,0.10000012,0.59300196,0.78052235,1.1030235,5.982361,-0.17203039,1.8680558
2004-09-04,211,greater_than_450,1.1175895,0.10000012,0.73833567,1.0020696,1.3516912,5.375366,-0.18169767,2.2717247
2004-09-04,311,less_than_450,3.1289077,0.4349265,1.6417758,3.425581,4.538315,6.253783,-2.7030327,8.883123
2004-09-04,311,greater_than_450,4.167778,0.62970304,3.9130955,4.487072,4.7573824,6.1328983,2.646665,6.023813
2004-09-05,211,less_than_450,0.9007519,0.10000011,0.58549947,0.77233934,1.0915556,5.959238,-0.17358476,1.8506398
2004-09-05,211,greater_than_450,1.1129595,0.10000011,0.73566437,0.9992814,1.3472128,5.4943542,-0.18165827,2.2645354
2004-09-05,311,less_than_450,3.1055012,0.43913794,1.6303481,3.3517418,4.518385,6.2254143,-2.701707,8.85044
2004-09-05,311,greater_than_450,4.1492834,0.63655615,3.8816757,4.4745398,4.7487597,6.156823,2.5810497,6.049386
2004-09-06,211,less_than_450,0.89343536,0.1000001,0.5782736,0.76507425,1.0823083,5.937483,-0.17777842,1.8383603
2004-09-06,211,greater_than_450,1.1093053,0.1000001,0.73233604,0.9974669,1.3429536,5.6839066,-0.18359023,2.25888
2004-09-06,311,less_than_450,3.088269,0.43617487,1.6209598,3.3082352,4.494835,6.1926117,-2.6898532,8.805648
2004-09-06,311,greater_than_450,4.1317115,0.6432729,3.886508,4.4615765,4.733226,6.1731176,2.6164312,6.0033026
2004-09-07,211,less_than_450,0.8870502,0.0,0.5704498,0.75775886,1.0740321,5.9170895,-0.18492353,1.8294054
2004-09-07,211,greater_than_450,1.1054344,0.10000008,0.7288493,0.9939294,1.3393354,5.756157,-0.18687993,2.2550647
2004-09-07,311,less_than_450,3.0686157,0.44324327,1.6075497,3.274723,4.472271,6.1907806,-2.6895323,8.769353
2004-09-07,311,greater_than_450,4.1105475,0.64968514,3.849753,4.4459143,4.7237415,6.1907806,2.53877,6.034724
2004-09-08,211,less_than_450,0.8773164,0.1000001,0.56281567,0.74978995,1.0624592,5.891264,-0.18664968,1.8119246
2004-09-08,211,greater_than_450,1.1000035,0.1000001,0.7248974,0.9898071,1.3337841,5.8306656,-0.1884327,2.2471142
2004-09-08,311,less_than_450,3.0449688,0.44689173,1.5975113,3.2033768,4.4518204,6.299843,-2.6839523,8.733284
2004-09-08,311,greater_than_450,4.087821,0.6557195,3.7974625,4.4183965,4.715708,6.299843,2.4200945,6.0930758
2004-09-09,211,less_than_450,0.867557,0.0,0.5551343,0.7419338,1.0525146,5.8517494,-0.19093609,1.7985849
2004-09-09,211,greater_than_450,1.0941069,0.1000001,0.72104836,0.9848347,1.326422,5.9028053,-0.18701208,2.2344823
2004-09-09,311,less_than_450,3.0182977,0.0,1.5812244,3.1259117,4.430811,6.382698,-2.6931553,8.705191
2004-09-09,311,greater_than_450,4.0628543,0.65838724,3.7621374,4.403759,4.701626,6.382698,2.3529048,6.1108584
2004-09-10,211,less_than_450,0.8603743,0.1000001,0.5488497,0.7349148,1.0419741,5.80204,-0.19083685,1.7816606
2004-09-10,211,greater_than_450,1.0888427,0.1000001,0.71745753,0.9817001,1.3207762,5.971409,-0.1875205,2.2257543
2004-09-10,311,less_than_450,2.996859,0.44090557,1.5676532,3.0845718,4.40532,6.440178,-2.688847,8.66182
2004-09-10,311,greater_than_450,4.0365434,0.65745884,3.7211418,4.3722787,4.6778874,6.440178,2.2860234,6.1130056
2004-09-11,211,less_than_450,0.8529433,0.1000001,0.5413604,0.72649884,1.0319471,5.7473526,-0.19451976,1.7678273
2004-09-11,211,greater_than_450,1.0831267,0.1000001,0.71338844,0.97716904,1.3137017,6.0366974,-0.18708152,2.2141716
2004-09-11,311,less_than_450,2.9712107,0.4301901,1.552901,3.015339,4.375313,6.486952,-2.6807168,8.608931
2004-09-11,311,greater_than_450,4.008916,0.6565965,3.6533308,4.3509216,4.67044,6.486952,2.1276667,6.196104
2004-09-12,211,less_than_450,0.8439575,0.10000008,0.5337548,0.71801853,1.0207424,5.6882896,-0.19672656,1.7512238
2004-09-12,211,greater_than_450,1.0766363,0.10000008,0.7096982,0.9724846,1.308669,6.0967484,-0.18875796,2.2071252
2004-09-12,311,less_than_450,2.943139,0.4202156,1.537436,2.9633713,4.3430233,6.5264845,-2.6709447,8.551404
2004-09-12,311,greater_than_450,3.97811,0.65580213,3.5711453,4.336108,4.651597,6.5264845,1.9504677,6.2722745
2004-09-13,211,less_than_450,0.8361708,0.1000001,0.5256567,0.70882416,1.0107708,5.657135,-0.20201445,1.738442
2004-09-13,211,greater_than_450,1.0702704,0.1000001,0.7056545,0.96767354,1.3023596,6.1446114,-0.18940312,2.1974173
2004-09-13,311,less_than_450,2.9146545,0.40945816,1.5258806,2.9096465,4.3135986,6.496894,-2.6556966,8.495176
2004-09-13,311,greater_than_450,3.9429417,0.65508354,3.4908524,4.29727,4.6304474,6.496894,1.7814598,6.33984
2004-09-14,211,less_than_450,0.82502323,0.1000001,0.51764727,0.7003155,0.9999981,5.6230164,-0.20587897,1.7235243
2004-09-14,211,greater_than_450,1.0620173,0.1000001,0.7007872,0.96256566,1.294791,6.1937885,-0.19021851,2.1857967
2004-09-14,311,less_than_450,2.8811214,0.3991146,1.5092258,2.8358536,4.269752,6.4565125,-2.6315632,8.410542
2004-09-14,311,greater_than_450,3.905159,0.6544306,3.412262,4.252651,4.611719,6.4565125,1.6130762,6.410905
2004-09-15,211,less_than_450,0.8097413,0.10000011,0.5095792,0.69082546,0.98191357,5.583256,-0.1989224,1.6904151
2004-09-15,211,greater_than_450,1.0516858,0.10000011,0.6967597,0.9563753,1.280489,6.227457,-0.1788342,2.1560829
2004-09-15,311,less_than_450,2.8408322,0.38927364,1.4864256,2.768093,4.2195334,6.4063263,-2.6132362,8.319195
2004-09-15,311,greater_than_450,3.8640218,0.6532942,3.3246222,4.200363,4.5902967,6.4063263,1.4261103,6.4888086
2004-09-16,211,less_than_450,0.79826355,0.0,0.5018165,0.68264055,0.9696634,5.539715,-0.1999538,1.6714337
2004-09-16,211,greater_than_450,1.0426297,0.10000008,0.6933305,0.9496536,1.2703171,6.2472115,-0.1721493,2.135797
2004-09-16,311,less_than_450,2.8038194,0.37991476,1.4667435,2.6838422,4.1708927,6.3298798,-2.5894804,8.227117
2004-09-16,311,greater_than_450,3.8205519,0.6522789,3.254528,4.1441383,4.561968,6.3298798,1.2933683,6.5231276
2004-09-17,211,less_than_450,0.78993464,0.10000008,0.49478817,0.67504025,0.95973015,5.4902687,-0.2026248,1.6571431
2004-09-17,211,greater_than_450,1.0347279,0.10000008,0.6894264,0.9436865,1.2608185,6.2499,-0.16766167,2.1179066
2004-09-17,311,less_than_450,2.7704585,0.37005234,1.4550657,2.6390646,4.104912,6.2428665,-2.5197034,8.079681
2004-09-17,311,greater_than_450,3.7773743,0.6513574,3.1869316,4.077735,4.53586,6.2428665,1.1635389,6.5592527
2004-09-18,211,less_than_450,0.77562714,0.1000001,0.48784775,0.6670027,0.9425019,5.434757,-0.19413346,1.6244831
2004-09-18,211,greater_than_450,1.0238638,0.1000001,0.6845913,0.934391,1.2479212,6.2370987,-0.16040361,2.092916
2004-09-18,311,less_than_450,2.727314,0.36067247,1.4332316,2.5637817,4.0512657,6.1454697,-2.4938195,7.978317
2004-09-18,311,greater_than_450,3.729766,0.6505387,3.1075287,4.02034,4.4928617,6.1454697,1.0295291,6.5708613
2004-09-19,211,less_than_450,0.76665425,0.10000009,0.48075867,0.659497,0.93218994,5.3722534,-0.19638824,1.6093369
2004-09-19,211,greater_than_450,1.0152501,0.10000009,0.67924976,0.92620134,1.2368984,6.209448,-0.15722322,2.0733714
2004-09-19,311,less_than_450,2.6904519,0.3518386,1.421217,2.5124016,3.990139,6.038971,-2.432166,7.843522
2004-09-19,311,greater_than_450,3.682023,0.64981055,3.032959,3.981985,4.453247,6.038971,0.90252686,6.583679
2004-09-20,211,less_than_450,0.7567551,0.10000012,0.47516033,0.6515503,0.92090034,5.302124,-0.1934497,1.5895104
2004-09-20,211,greater_than_450,1.0058595,0.10000012,0.67497253,0.9185798,1.2256995,6.306595,-0.15111798,2.05179
2004-09-20,311,less_than_450,2.65255,0.34356117,1.4072027,2.485752,3.929922,5.9234314,-2.3768764,7.714001
2004-09-20,311,greater_than_450,3.6337557,0.6501276,2.9729552,3.9135895,4.396467,5.9234314,0.83768725,6.5317354
2004-09-21,211,less_than_450,0.7463723,0.0,0.46983346,0.64424515,0.9094734,5.2241707,-0.18962649,1.5689334
2004-09-21,211,greater_than_450,0.9961374,0.1000001,0.67077756,0.9090271,1.2147605,6.506256,-0.14519691,2.030735
2004-09-21,311,less_than_450,2.6107156,0.0,1.3902674,2.4353085,3.8607464,5.810028,-2.3154511,7.566465
2004-09-21,311,greater_than_450,3.5828004,0.65201074,2.900075,3.8291016,4.3581448,5.810028,0.71297026,6.5452495
2004-09-22,211,less_than_450,0.73720837,0.10000008,0.4639747,0.63720083,0.89861584,5.181389,-0.18798697,1.5505775
2004-09-22,211,greater_than_450,0.98693025,0.10000008,0.6664567,0.9006414,1.2015896,6.695343,-0.13624263,2.004289
2004-09-22,311,less_than_450,2.5727787,0.32879972,1.3760605,2.3842583,3.788334,5.6976395,-2.2423496,7.406744
2004-09-22,311,greater_than_450,3.5313509,0.6537967,2.8146572,3.7594175,4.3290462,5.6976395,0.54307365,6.60063
2004-09-23,211,less_than_450,0.72392696,0.10000011,0.45750415,0.62918043,0.8809638,5.1357956,-0.17768532,1.5161533
2004-09-23,211,greater_than_450,0.97544235,0.10000011,0.66179466,0.89090633,1.1857376,6.8724365,-0.12411976,1.971652
2004-09-23,311,less_than_450,2.5264947,0.32235765,1.3547993,2.3104057,3.7092056,5.6336,-2.1768103,7.240815
2004-09-23,311,greater_than_450,3.476618,0.6523638,2.7209473,3.686798,4.287758,5.5864563,0.37073135,6.637974
2004-09-24,211,less_than_450,0.7156508,0.1000001,0.45070386,0.6215186,0.8713188,5.0613785,-0.18021858,1.5022413
2004-09-24,211,greater_than_450,0.96622473,0.1000001,0.65674007,0.88299847,1.1741047,7.0385895,-0.11930686,1.9501517
2004-09-24,311,less_than_450,2.4861412,0.31656265,1.3422875,2.2755651,3.6336527,5.6164703,-2.0947602,7.0707006
2004-09-24,311,greater_than_450,3.4222426,0.6365566,2.6579885,3.6107407,4.23444,5.5415936,0.2933116,6.599117
2004-09-25,211,less_than_450,0.7043654,0.0,0.4439087,0.614131,0.8566164,4.973442,-0.17515284,1.475678
2004-09-25,211,greater_than_450,0.95561224,0.10000008,0.6522255,0.87296295,1.1618481,7.194275,-0.11220837,1.9262819
2004-09-25,311,less_than_450,2.4408991,0.0,1.32245,2.2122612,3.5498657,5.589443,-2.0186734,6.8909893
2004-09-25,311,greater_than_450,3.3653204,0.6211562,2.5849652,3.5300217,4.1839952,5.4977417,0.1864202,6.5825405
2004-09-26,211,less_than_450,0.6935441,0.10000011,0.43687057,0.6067586,0.8424225,4.896557,-0.17145729,1.4507504
2004-09-26,211,greater_than_450,0.9450628,0.0,0.64627945,0.8625467,1.1509514,7.336235,-0.11072844,1.9079592
2004-09-26,311,less_than_450,2.39767,0.29130554,1.3052349,2.1566467,3.470253,5.5227776,-1.9422922,6.71778
2004-09-26,311,greater_than_450,3.3098576,0.6152911,2.5170212,3.464634,4.1233273,5.5382996,0.107562065,6.5327864
